c1,c1_realised,risk_stress,area,liquidity,literacy,terrain,irrigation,adopt,used,effort,experience,loss,income,orthogonal,seed
0.6540723083721278,0.6794223083721278,0.02535,20.75769784004837,0.3576864809363118,0.417049324209704,plain,1,0,0,0.0,6,0.06316649738761031,15035.322194497445,False,11
0.2009018025387997,0.2262518025387997,0.02535,8.027666969264775,0.19414455593693677,0.2744031126329352,plain,1,1,1,0.18684512438199163,4,0.06300110521332589,6729.4077441271,False,11
0.5807653290080333,0.6061153290080333,0.02535,32.32338481498619,0.45851112511852676,0.33358532783207007,plain,1,1,1,0.18333333333333335,11,0.06315348689541427,26121.669263638458,False,11
0.33137035439041207,0.33137035439041207,0.0,9.803620778931979,0.7070842249943733,0.4321598045810312,plain,1,0,0,0.0,5,0.05409569618730088,9849.445704098429,False,11
0.28909275405847124,0.3144427540584712,0.02535,11.413289738126396,0.5682385598566345,0.8086435211289391,plain,1,1,1,0.29512802293623575,10,0.06316478149150459,8715.741395744344,False,11
0.4033142994465583,0.42866429944655826,0.02535,62.919860403120616,0.49533454527732607,0.725318638410704,plain,1,1,1,0.30633381466822995,7,0.062186148271677955,51899.13940236192,False,11
0.4060189649730852,0.4313689649730852,0.02535,18.83666410898705,0.6165356669678626,0.30273273278291646,plain,0,0,0,0.0,5,0.07019534489444615,15086.708234777781,False,11
0.5319764915711913,0.5573264915711913,0.02535,23.168181834729186,0.24752526862067514,0.39376383601194836,plain,0,0,0,0.0,8,0.06398991547762967,16895.024628257786,False,11
0.4996010408216554,0.5249510408216554,0.02535,40.698550964397164,0.6949428276137452,0.3056336159491729,plain,1,1,1,0.3168849114208278,7,0.06286022270369238,29746.31347729144,False,11
0.49047723026143136,0.49047723026143136,0.0,9.604234808616122,0.39268608233034613,0.5018744853326375,plain,1,0,0,0.0,3,0.06016612386362743,6803.857017238894,False,11
0.44480911439739435,0.47015911439739433,0.02535,11.105286995171094,0.7463802940759179,0.1835310912350845,plain,1,0,0,0.0,3,0.06286883384608183,9468.472474711372,False,11
0.35754571929449724,0.3828957192944972,0.02535,27.32397518245934,0.15824168208422443,0.4149080436494274,plain,1,1,1,0.41286864283752794,5,0.06316907948599434,22819.894129015272,False,11
0.2606163976671829,0.2606163976671829,0.0,15.474322271249802,0.3757178133777868,0.6264557667593434,plain,1,0,0,0.0,4,0.059803270084600214,12594.897132460124,False,11
0.4550164274153661,0.48036642741536606,0.02535,26.58463824234266,0.5883795726942143,0.9295599935751551,plain,0,1,1,0.17188579796207784,5,0.06989787260515687,18850.091135226066,False,11
0.3980425348266717,0.3980425348266717,0.0,56.337309716737984,0.23758895651292816,0.853820479913306,plain,1,1,1,0.16633616485571337,16,0.05887219121481156,41135.50071721878,False,11
0.48943374801311956,0.5147837480131195,0.02535,54.912473595080655,0.2993861036612492,0.34770922309532226,plain,1,1,1,0.1730734275841274,11,0.06298240337686095,40275.052827618834,False,11
0.4175868771090421,0.44293687710904206,0.02535,23.064245576874043,0.5037125620383598,0.3948008793958405,plain,0,0,0,0.0,8,0.0643438921900504,19512.07964553366,False,11
0.27954067412781874,0.30489067412781873,0.02535,11.132281788976774,0.26799007321733354,0.4968355098914207,plain,1,1,1,0.29512802293623575,7,0.06317592556215837,8308.195104824128,False,11
0.3297192983749039,0.35506929837490386,0.02535,17.95369992873368,0.5105713614243355,0.5777642275324826,plain,1,1,1,0.2169231439420216,5,0.06317810095228923,14825.44535037275,False,11
0.32222358943670426,0.34757358943670424,0.02535,37.818628250496005,0.7549606569018216,0.24227470744285068,plain,1,0,0,0.0,9,0.06317581499921265,30500.64734539715,False,11
0.36490070871009894,0.3902507087100989,0.02535,21.63647557573455,0.3597746393103666,0.515514811113617,plain,0,0,0,0.0,5,0.06717963861790281,14456.968593582107,False,11
0.5955696887669898,0.5955696887669898,0.0,14.79046443063853,0.2181440406627267,0.2659595223373899,plain,1,0,0,0.0,9,0.060693842389599906,11679.369851892458,False,11
0.08,0.10535,0.02535,41.03807566137088,0.3386865790789831,0.46738444193170664,plain,1,0,0,0.0,9,0.06317383480721926,31204.27878862403,False,11
0.2447830563042535,0.2701330563042535,0.02535,55.86855187821298,0.5623226627914157,0.3210887242873571,plain,1,0,0,0.0,4,0.06317530688258974,38681.41868211025,False,11
0.5906498070177497,0.6159998070177497,0.02535,14.572570456735384,0.5195970510908543,0.692942606838173,plain,1,1,1,0.3333333333333333,7,0.0628506631548206,12909.541201646722,False,11
0.5462232066268454,0.5715732066268454,0.02535,16.411947849096084,0.33243300534067577,0.6239995488119896,plain,0,1,1,0.3333333333333333,5,0.06802747507995675,14759.630145783487,False,11
0.31859840834210595,0.34394840834210594,0.02535,101.77687670707529,0.46571876935702855,0.2800820181863535,plain,1,1,1,0.1642835306948624,7,0.06286745851672998,77357.20377093332,False,11
0.44965246548669396,0.44965246548669396,0.0,33.065717672409086,0.44702345649272424,0.28508905350941416,plain,1,1,1,0.5018169314008598,14,0.05944352792885593,28425.307350002193,False,11
0.36853473728151176,0.39388473728151174,0.02535,58.49492261879815,0.25019707820653186,0.37125521308369036,plain,1,1,1,0.3333333333333333,12,0.06285299232552315,39745.439683927536,False,11
0.2921076761233208,0.31745767612332076,0.02535,10.134647052086398,0.7594145230351818,0.2961485836782253,plain,1,0,0,0.0,6,0.06314435605287266,8133.9831546845035,False,11
0.37274573291514895,0.39809573291514894,0.02535,33.52732386838532,0.42492438662222853,0.21470554029785516,plain,1,0,0,0.0,6,0.06314787104271777,26383.870735773293,False,11
0.45207425644191823,0.4774242564419182,0.02535,67.89010285428908,0.2225172894585218,0.4932241359569887,plain,1,1,1,0.17188579796207784,7,0.06287512302921407,45380.45250564126,False,11
0.17349431180622685,0.19884431180622686,0.02535,25.05727002979308,0.20715734478405157,0.32476044523992914,plain,1,0,0,0.0,9,0.06013334828523966,18175.101582031886,False,11
0.6096793610974367,0.6350293610974367,0.02535,17.938111908630063,0.09651659039523267,0.24497910286433056,plain,1,0,0,0.0,3,0.06317594858312348,14742.481540313805,False,11
0.28134149369607087,0.30669149369607085,0.02535,10.32386699102759,0.5270776015768703,0.2540007983041338,plain,1,0,0,0.0,4,0.06288431095733178,8123.840413711521,False,11
0.08,0.10535,0.02535,28.56386252691422,0.7204338624948765,0.27973488265808377,plain,1,0,0,0.0,9,0.06289322061865037,22164.985275141793,False,11
0.08,0.10535,0.02535,57.43537610677694,0.5181268420128488,0.33488121561760037,plain,1,1,1,0.20295475893654144,10,0.06317610270717063,45177.43502775029,False,11
0.5752071904223846,0.6005571904223845,0.02535,49.681219182741394,0.3748088402994247,0.05249332016558814,plain,1,0,0,0.0,6,0.06317257692673099,36099.82908999311,False,11
0.3551620159133331,0.38051201591333306,0.02535,49.40739268366671,0.5416722777663034,0.5437512580018791,plain,1,1,0,0.0,6,0.06315636907137114,38480.42717810946,False,11
0.1383512060178805,0.16370120601788052,0.02535,19.920629235974516,0.4543220035367084,0.39004564535335334,plain,0,1,1,0.20615419345085337,8,0.07018419276270084,15513.215165322594,False,11
0.3298588234242776,0.35520882342427756,0.02535,22.081042839664406,0.5489004821107598,0.3613431315948738,plain,1,0,0,0.0,6,0.06317753875558176,19944.980465938457,False,11
0.5767902569541312,0.6021402569541312,0.02535,20.13085247176702,0.13043356213122415,0.1894435839425847,plain,1,1,1,0.3333333333333333,2,0.06301131425644148,17493.277682992648,False,11
0.6038549804086855,0.6292049804086854,0.02535,13.949083267268756,0.6455748009944985,0.27492720552356564,plain,1,1,1,0.1148574567429323,7,0.06317484772414642,13058.307348588176,False,11
0.4291938969308211,0.4545438969308211,0.02535,11.963798183962972,0.6598231701707685,0.3869865401941807,plain,1,1,1,0.3083518630705443,6,0.0611216396203357,10184.483651264523,False,11
0.49906049696296495,0.49906049696296495,0.0,56.12563134905947,0.02,0.3795423865392776,plain,1,0,0,0.0,7,0.059209943988358694,44543.09749733783,False,11
0.43991729370542587,0.46526729370542586,0.02535,37.49795485459426,0.19083996552834467,0.6362804673502285,plain,0,1,1,0.14596340166682822,14,0.06276105639864114,31763.969126138043,False,11
0.3632683139307641,0.3632683139307641,0.0,37.81632530322212,0.22934826596409982,0.7387865002312389,plain,1,1,1,0.14332767847645253,11,0.05802407833301669,28936.928979706834,False,11
0.5937684070344227,0.6191184070344227,0.02535,38.8112857388297,0.3274917221063786,0.5200833412503623,plain,1,0,0,0.0,7,0.059508441597333296,31025.577948356222,False,11
0.11237111108281722,0.13772111108281723,0.02535,37.8391720043726,0.540735337144586,0.20316048122804664,plain,0,0,0,0.0,5,0.07019510118635572,30909.232332496136,False,11
0.4592527854904651,0.4846027854904651,0.02535,21.22535709013539,0.4977503494735077,0.304060598352208,plain,1,1,1,0.17188579796207784,7,0.06301470434862401,17481.063338850487,False,11
0.3102507564147626,0.33560075641476256,0.02535,10.750926010306074,0.17264453502325813,0.5508718937214674,plain,0,0,0,0.0,4,0.06727933650052051,9072.460955105204,False,11
0.3999623123306248,0.4253123123306248,0.02535,16.087782769781914,0.5792998611183697,0.7298466012577367,plain,1,0,0,0.0,5,0.06315070111375348,11346.691689969903,False,11
0.42062676839366486,0.42062676839366486,0.0,18.336456606489193,0.4261516457032527,0.12419936659809017,plain,1,0,0,0.0,9,0.0251399797302987,14957.252984108893,False,11
0.2774675938932264,0.2774675938932264,0.0,18.83324992405154,0.7476502371991517,0.6631543555812076,plain,1,0,0,0.0,6,0.025143796954554393,15170.836206097176,False,11
0.4580804209227489,0.4580804209227489,0.0,16.36419798374329,0.3552766658750306,0.336312504220026,plain,1,0,0,0.0,4,0.025147925029140074,14706.157220721801,False,11
0.4755229052292187,0.4755229052292187,0.0,6.539447643914488,0.657473036295464,0.35723511130644015,plain,0,0,0,0.0,3,0.028939552337630986,5610.453776159701,False,11
0.6388389994090724,0.6388389994090724,0.0,5.191183876841457,0.29708740409656537,0.40627842852540197,plain,1,0,0,0.0,0,0.025163907808577385,4061.6296978239197,False,11
0.5684326195670136,0.5684326195670136,0.0,12.696892848947336,0.1492345416528741,0.9456085405773911,plain,1,0,0,0.0,6,0.025163907808577385,10956.528870391516,False,11
0.4278251896207486,0.4278251896207486,0.0,23.60332551344926,0.9070102559442171,0.7352905786104558,plain,0,1,1,0.2874926705678042,9,0.024711040317621766,21977.349979839255,False,11
0.29676581672852653,0.29676581672852653,0.0,18.626738469793466,0.13915023247092426,0.2739729535825078,plain,1,0,0,0.0,9,0.025009670357706314,17211.91695668037,False,11
0.6293046351824318,0.6293046351824318,0.0,8.966487203548306,0.24224633196164622,0.35673732617228787,plain,1,1,1,0.20735112142665593,3,0.024380613538424366,7648.786426068569,False,11
0.2775290957059001,0.2775290957059001,0.0,22.3971022350969,0.11151535376229783,0.25617891166176443,plain,0,1,1,0.18893494563960614,7,0.026462406247767162,18513.882460646833,False,11
0.49616153709173416,0.49616153709173416,0.0,9.371492754935504,0.5420742864294738,0.45994378914326606,plain,1,0,0,0.0,5,0.02514585386290712,7707.0781881027815,False,11
0.28684829897188246,0.28684829897188246,0.0,31.671108359539808,0.4782653492345523,0.0955618031342635,plain,0,0,0,0.0,5,0.028652567215915564,30437.91747417859,False,11
0.4920640496779758,0.4920640496779758,0.0,14.551794844962867,0.5299981387789271,0.23219136275680868,plain,1,0,0,0.0,5,0.02514777978872188,11934.69349031401,False,11
0.3704679712512135,0.3704679712512135,0.0,22.777388962943334,0.7819727819620323,0.2060870686293667,plain,1,0,0,0.0,6,0.02514807805208873,18453.47642268875,False,11
0.19615211120870854,0.19615211120870854,0.0,7.3217249784095015,0.5903604359400388,0.1882876042834457,plain,1,0,0,0.0,0,0.025163907808577385,6331.240809453186,False,11
0.1812507312576582,0.1812507312576582,0.0,17.015390517636206,0.5229066438777521,0.21739804693302667,plain,0,0,0,0.0,2,0.02894201212452347,12724.670388676794,False,11
0.4031544342426629,0.4031544342426629,0.0,37.690620991472244,0.24743616223230805,0.8346412211363938,plain,1,1,1,0.10632040639120484,6,0.024755787878348173,31693.17014926191,False,11
0.5494852915747421,0.5494852915747421,0.0,7.266345413211096,0.2278937472694586,0.30144760436263945,plain,1,0,0,0.0,4,0.025152739718725996,5745.0389357235645,False,11
0.08,0.08,0.0,12.068731707528887,0.41709492113457064,0.8547403116263348,plain,0,0,0,0.0,2,0.028942468309847737,10490.653589217176,False,11
0.5824879558391985,0.5824879558391985,0.0,26.561486916947334,0.5765748925296575,0.4046805316507369,plain,1,0,0,0.0,11,0.025161619980139598,23458.339065295786,False,11
0.2705097696855465,0.2705097696855465,0.0,4.779607178367971,0.5288588053956907,0.457914959343949,plain,1,0,0,0.0,1,0.025163907808577385,4221.0605695868,False,11
0.2122272294347049,0.2122272294347049,0.0,5.878530808247299,0.360864952627155,0.1419645373143136,plain,1,1,1,0.14861945547078403,2,0.02460570717499643,4261.416297343318,False,11
0.20325839412327895,0.20325839412327895,0.0,17.15352476419582,0.283887522041746,0.14984229060165483,plain,1,1,1,0.1005567782476911,6,0.02458475822340807,13372.727346821048,False,11
0.8135022217349656,0.8135022217349656,0.0,13.464138101542124,0.07341350305280513,0.029661858113824137,plain,0,1,1,0.22980226025464948,5,0.028079453914593145,10591.321178973918,False,11
0.3675377163246806,0.3675377163246806,0.0,8.80489519945376,0.3738584118195192,0.3211911461823677,plain,1,0,0,0.0,6,0.0251509109724248,7564.694557555466,False,11
0.40634056719801764,0.40634056719801764,0.0,6.574167189657693,0.17529497848651895,0.47881474754754444,plain,1,0,0,0.0,2,0.025162784870950326,5834.697900882215,False,11
0.7299300977669014,0.7299300977669014,0.0,5.5989104035468635,0.18138114968066482,0.36399895610948346,plain,0,0,0,0.0,3,0.0289438850776292,4927.287574308347,False,11
0.38153890756944253,0.38153890756944253,0.0,10.809084879939132,0.6862874913271672,0.226795234274409,plain,1,0,0,0.0,8,0.02514086196829568,9098.284454028104,False,11
0.4919926147626057,0.4919926147626057,0.0,10.398970925315297,0.8554568828300271,0.3768698291248931,plain,1,1,1,0.19925744948986848,5,0.024414563461107236,10493.334983780125,False,11
0.39081168702014724,0.39081168702014724,0.0,3.8793684919576057,0.5420401708190695,0.633566402524917,plain,1,0,0,0.0,0,0.025163907808577385,3407.369961835425,False,11
0.6074666994911102,0.6074666994911102,0.0,7.693696853205502,0.43792272992998355,0.4147409128889574,plain,1,0,0,0.0,5,0.02486983012243464,5940.395040243096,False,11
0.5205070192529465,0.5205070192529465,0.0,10.065464306237514,0.3031175627775891,0.3884620696021174,plain,1,0,0,0.0,5,0.02516154736430366,8779.284819047349,False,11
0.4734028279977452,0.4734028279977452,0.0,8.862779220974167,0.4027291090761643,0.1964056632095538,plain,1,0,0,0.0,1,0.025163907808577385,8413.620132226115,False,11
0.08,0.08,0.0,14.37496586107529,0.4294959256864372,0.4754657487587113,plain,1,0,0,0.0,6,0.025163907808577385,12200.397372021263,False,11
0.5075797615320355,0.5075797615320355,0.0,12.81512778088494,0.3279358040328738,0.4254052724148862,plain,0,1,1,0.10959159721942768,4,0.028532269392393027,10611.415700342444,False,11
0.393302249257654,0.393302249257654,0.0,19.2305985397899,0.23122022020020738,0.27882242047886396,plain,0,1,1,0.0933949377049424,8,0.027445333656842145,17204.13580490704,False,11
0.40779042371517593,0.40779042371517593,0.0,30.493907818177412,0.3019840249217536,0.5640826374766807,plain,1,0,0,0.0,4,0.02516280772581117,24326.587315746914,False,11
0.5994856280568212,0.5994856280568212,0.0,8.582301237839907,0.4062803989290243,0.4105355922489958,plain,1,0,0,0.0,3,0.025163627662815907,7060.758269497494,False,11
0.4845070358507281,0.4845070358507281,0.0,10.001472345856733,0.08252378042961506,0.4578820400355397,plain,1,0,0,0.0,2,0.02516294539054898,8238.759368264782,False,11
0.12790618638375095,0.12790618638375095,0.0,6.715495410982425,0.5907435894510451,0.6925974773738239,plain,1,0,0,0.0,2,0.025163907808577385,6264.064768908301,False,11
0.5236291761419019,0.5236291761419019,0.0,1.7240803687462174,0.07350501111411142,0.23930712874207583,hill,1,0,0,0.0,0,0.00849032658877296,1383.3892226027442,False,11
0.3578346406117804,0.3578346406117804,0.0,3.1438223087121124,0.366722231167964,0.303936665264694,hill,1,0,0,0.0,0,0.00849032658877296,2732.6211999204506,False,11
0.08,0.08,0.0,9.062423487220245,0.6453664510820171,0.4718483212074952,hill,0,0,0,0.0,3,0.015436957434132656,7943.274783487643,False,11
0.32792389812106015,0.32792389812106015,0.0,5.591398815635817,0.1971618673547631,0.47176330440374287,hill,1,0,0,0.0,2,0.00849032658877296,4464.199436082209,False,11
0.5375492000310578,0.5375492000310578,0.0,6.121357277990623,0.2405596504621597,0.5317331882229565,hill,0,0,0,0.0,4,0.015436957434132656,5432.558413667612,False,11
0.3980015452737261,0.3980015452737261,0.0,9.368202289946648,0.39302369111004054,0.45630858639527133,hill,1,0,0,0.0,0,0.00849032658877296,8992.171623085127,False,11
0.5550125798334016,0.5550125798334016,0.0,4.142635088575759,0.6036882423932062,0.4190927746453536,hill,0,0,0,0.0,0,0.015436957434132656,3489.5159743485883,False,11
0.45062131680300715,0.45062131680300715,0.0,3.4874584232934884,0.7465817193323097,0.1280833065188147,hill,0,0,0,0.0,0,0.015436957434132656,2987.731543911718,False,11
0.4101593587195882,0.4101593587195882,0.0,6.130029431226309,0.5701704213876646,0.46393298503209507,hill,1,0,0,0.0,0,0.00849032658877296,5505.722458867792,False,11
0.22331062719982067,0.22331062719982067,0.0,8.54312291586272,0.15577806552144366,0.42352295703979026,hill,1,0,0,0.0,2,0.00849032658877296,6888.215897490127,False,11
0.5582707044185458,0.5582707044185458,0.0,3.1283133077557452,0.3159824410224654,0.5827281384062031,hill,0,0,0,0.0,0,0.015436957434132656,2763.5013084638244,False,11
0.628388427660224,0.628388427660224,0.0,11.89509465078351,0.5353181961094197,0.5446100763039544,hill,0,0,0,0.0,1,0.015436957434132656,10206.474790407688,False,11
0.4252417931493122,0.4252417931493122,0.0,8.971398508494776,0.11427698923292809,0.5418313294164967,hill,1,0,0,0.0,2,0.00849032658877296,7289.729336314873,False,11
0.25609805678689634,0.25609805678689634,0.0,7.418490030601583,0.7639090955244786,0.07436530288799334,hill,0,0,0,0.0,0,0.015436957434132656,7097.852682102259,False,11
0.4207287306276745,0.4207287306276745,0.0,2.6735253877206815,0.3438929015647548,0.37297535447998,hill,0,0,0,0.0,0,0.015436957434132656,2230.9803315944923,False,11
0.5183293791768452,0.5183293791768452,0.0,7.131616367254397,0.3180604369224944,0.44968787249668074,hill,0,0,0,0.0,3,0.015436957434132656,6001.655834521827,False,11
0.33713605689968673,0.33713605689968673,0.0,9.863397429753803,0.8355296082489486,0.18730214066530665,hill,0,0,0,0.0,1,0.015436957434132656,6666.42607116882,False,11
0.42897562867591876,0.42897562867591876,0.0,2.942841893084522,0.06425226827972295,0.6087557724699806,hill,0,0,0,0.0,0,0.015436957434132656,2468.3666196808745,False,11
0.622953794068439,0.622953794068439,0.0,9.672413321842814,0.04686785933096774,0.18060157270932659,hill,0,0,0,0.0,3,0.015436957434132656,8698.759514456935,False,11
0.4292460143647476,0.4292460143647476,0.0,8.38587217421016,0.2651696820088669,0.21259123630464768,hill,0,0,0,0.0,2,0.015436957434132656,6260.116569392436,False,11
0.48926503542809163,0.48926503542809163,0.0,3.417888109422063,0.29976899914995203,0.4105932298935912,hill,0,0,0,0.0,0,0.015436957434132656,3155.0554837648497,False,11
0.21966549871213034,0.21966549871213034,0.0,15.717940578944054,0.7895929945776202,0.3470554277175627,hill,0,0,0,0.0,4,0.015436957434132656,13734.965594060346,False,11
0.3332216574967942,0.3332216574967942,0.0,11.53810470527033,0.24646836829615798,0.44753024892595017,hill,0,0,0,0.0,3,0.015436957434132656,8998.79097791044,False,11
0.1656049086282739,0.1656049086282739,0.0,6.050275281687012,0.5378926990826455,0.7117435699289267,hill,0,0,0,0.0,0,0.015436957434132656,4402.337271775967,False,11
0.2682641511052377,0.2682641511052377,0.0,4.189948409772236,0.19496052863448063,0.3548552319376652,hill,1,0,0,0.0,1,0.00849032658877296,3726.621378177242,False,11
0.5746041623699538,0.5746041623699538,0.0,9.563467138070793,0.4542968891330292,0.11558420862257868,hill,0,0,0,0.0,0,0.015436957434132656,6596.415343834068,False,11
0.4306944167516037,0.4306944167516037,0.0,9.639011011130647,0.3785487309148949,0.2338057621209148,hill,0,0,0,0.0,2,0.015436957434132656,8083.01090246056,False,11
0.47187852644825834,0.47187852644825834,0.0,4.297413989940314,0.39761327264760316,0.3268632078406777,hill,1,0,0,0.0,0,0.00849032658877296,3704.3153363249235,False,11
0.6382045794169452,0.6382045794169452,0.0,8.834141954091963,0.09342202643857267,0.25796666635633736,hill,0,0,0,0.0,2,0.015436957434132656,7617.847407077798,False,11
0.7271674881468059,0.7271674881468059,0.0,3.3419834025893387,0.31608945606058036,0.1937435962663572,hill,0,0,0,0.0,0,0.015436957434132656,2812.255318845018,False,11
0.42164434165902925,0.42164434165902925,0.0,18.860992467967613,0.24330527930791065,0.3353123668482391,hill,0,1,1,0.17071147632724173,5,0.015436957434132656,17328.01201970393,False,11
0.6964126260557567,0.6964126260557567,0.0,10.734512948322065,0.3482276704756911,0.5370904912555037,hill,1,0,0,0.0,0,0.00849032658877296,9347.96763358156,False,11
0.672448820810652,0.672448820810652,0.0,5.603745591927367,0.43210678872241337,0.4149366882004886,hill,0,0,0,0.0,1,0.015436957434132656,6019.263046861029,False,11
0.6435437928789385,0.6435437928789385,0.0,14.907090649851936,0.27324514621754753,0.23164294121464724,hill,1,1,1,0.3124944853944383,3,0.00849032658877296,12705.41836737814,False,11
0.4209640328633635,0.4209640328633635,0.0,7.391174981008063,0.49525944341917316,0.6568019984138973,hill,1,0,0,0.0,2,0.00849032658877296,6260.786214014874,False,11
0.39802064188998754,0.39802064188998754,0.0,12.103060255882188,0.188707082660413,0.6318987305733834,hill,0,0,0,0.0,4,0.015436957434132656,10263.062499571603,False,11
0.6643994000365858,0.6643994000365858,0.0,4.551467974855496,0.5208288314746199,0.46375189949666623,hill,1,0,0,0.0,0,0.00849032658877296,4174.855059844102,False,11
0.4136389992786524,0.4136389992786524,0.0,8.036245862991768,0.4786329657408089,0.7734028049030668,hill,0,0,0,0.0,1,0.015436957434132656,7167.584547653312,False,11
0.3049960323546115,0.3049960323546115,0.0,8.989558423929859,0.4560161550501019,0.42424335584784423,hill,1,0,0,0.0,0,0.00849032658877296,7607.640018162967,False,11
0.6765814358463155,0.6765814358463155,0.0,5.089088821182074,0.6312682437352608,0.5122355054296188,hill,1,0,0,0.0,0,0.00849032658877296,3896.7693167588427,False,11
0.6757791141390967,0.6757791141390967,0.0,4.549055262388952,0.2428925571446403,0.5260707115182693,hill,1,0,0,0.0,0,0.00849032658877296,3821.843551737062,False,11
0.6642987650666253,0.6642987650666253,0.0,4.5522754133603796,0.10286599083316166,0.20784601437655909,hill,0,0,0,0.0,0,0.015436957434132656,4170.1501363100215,False,11
0.08,0.08,0.0,4.784741417655518,0.1373029084775725,0.5855249029025588,hill,0,0,0,0.0,0,0.015436957434132656,4110.600553347879,False,11
0.6510722358551249,0.6510722358551249,0.0,10.43041331449672,0.5105210869371619,0.4869694751737039,hill,0,0,0,0.0,2,0.015409835700449742,8892.162057470294,False,11
0.16149197925474465,0.16149197925474465,0.0,2.062949968727995,0.46641634032421575,0.7012596834221902,hill,0,0,0,0.0,0,6.375546497883625e-05,1793.1477724531765,False,11
0.6642085291562013,0.6642085291562013,0.0,6.230612991260967,0.3420700931137384,0.5745299897930352,hill,1,0,0,0.0,0,6.375546497883625e-05,6311.727705025058,False,11
0.28279653958072704,0.28279653958072704,0.0,8.143709373860922,0.592721004463833,0.27362308209333075,hill,0,0,0,0.0,1,6.375546497883625e-05,7222.050277643642,False,11
0.2678484500272248,0.2678484500272248,0.0,2.347276679270179,0.18947622332183459,0.22151452929036256,hill,0,0,0,0.0,0,6.375546497883625e-05,1910.9707507656926,False,11
0.4163330027024641,0.4163330027024641,0.0,11.218912117923264,0.24098564813028475,0.46143996800450016,hill,1,0,0,0.0,4,6.375546497883625e-05,9456.718830845783,False,11
0.7289453093835624,0.7289453093835624,0.0,10.661646574483077,0.31914286079728676,0.38181259838174064,hill,1,1,1,0.11474027867174054,4,6.362178506402242e-05,9658.002895541296,False,11
0.6093660096323441,0.6093660096323441,0.0,16.36885202465763,0.2857542911954133,0.3628450785152993,hill,0,1,1,0.39884041200125764,7,5.9429563877891526e-05,12642.404539977008,False,11
0.40591266736250176,0.40591266736250176,0.0,3.832851054251718,0.43532942865968244,0.23791362448154413,hill,0,0,0,0.0,0,6.375546497883625e-05,3121.2372241971193,False,11
0.5650280502777557,0.5650280502777557,0.0,4.772363138669241,0.08639737075994869,0.5313355866633741,hill,0,0,0,0.0,0,6.375546497883625e-05,3732.3216826490993,False,11
0.08,0.08,0.0,6.400329341715293,0.26259823461076676,0.5069250844173768,hill,0,0,0,0.0,0,6.375546497883625e-05,5652.817672171967,False,11
0.696325856272153,0.696325856272153,0.0,4.679312397357648,0.17763521010199032,0.05084024081805486,hill,0,0,0,0.0,0,6.375546497883625e-05,4666.005302964031,False,11
0.5015657107132656,0.5015657107132656,0.0,13.957487768481283,0.08516560004595983,0.4749685595870167,hill,0,0,0,0.0,5,6.168847358743151e-05,9973.542204376045,False,11
0.6255857833966139,0.6255857833966139,0.0,14.161084302314048,0.2360556077452924,0.26793810512188243,hill,0,1,1,0.16433408562614793,9,4.983417560286839e-05,11460.796776272506,False,11
0.682465905455542,0.682465905455542,0.0,6.922189625024124,0.501585394517884,0.6798069447881533,hill,0,0,0,0.0,1,6.375546497883625e-05,6038.002662767209,False,11
0.4619562339604629,0.4619562339604629,0.0,5.725544610324771,0.2415125573352373,0.6510150634228267,hill,0,0,0,0.0,0,6.375546497883625e-05,4729.077029473747,False,11
0.4962883097682755,0.4962883097682755,0.0,5.573695005130251,0.6725551652234951,0.554052659090781,hill,1,0,0,0.0,0,6.375546497883625e-05,5457.1892201957835,False,11
0.5974523535227201,0.5974523535227201,0.0,3.8489160817854495,0.35088586449013204,0.44914336246850745,hill,0,0,0,0.0,0,6.375546497883625e-05,3369.108435435588,False,11
0.45498693022074055,0.45498693022074055,0.0,3.4275787753366305,0.5976718427764888,0.6219394528276352,hill,1,0,0,0.0,0,6.375546497883625e-05,2983.9809877157977,False,11
0.6097550369709197,0.6097550369709197,0.0,10.674864818003586,0.22826220266597422,0.4997825279369861,hill,0,0,0,0.0,7,4.992004435839198e-05,10502.575939834496,False,11
0.5725051939562887,0.5725051939562887,0.0,2.915834366237388,0.29269416792340375,0.3820998466782846,hill,0,0,0,0.0,0,6.375546497883625e-05,2623.638450601622,False,11
0.484886325651148,0.484886325651148,0.0,6.149700515457482,0.11185383080808704,0.5434140153068621,hill,0,0,0,0.0,0,6.375546497883625e-05,5041.560987552324,False,11
0.4340982663737484,0.4340982663737484,0.0,3.1113153751164986,0.21179396156890148,0.3486345835488215,hill,0,0,0,0.0,0,6.375546497883625e-05,2366.746574988526,False,11
0.7865462182584115,0.7865462182584115,0.0,2.0986906310614235,0.27550689360653474,0.5301272453623078,hill,1,0,0,0.0,0,6.375546497883625e-05,1880.9958919210562,False,11
0.3807219068088057,0.3807219068088057,0.0,2.434497831107802,0.2576348342024655,0.31155128635000506,hill,1,0,0,0.0,0,6.375546497883625e-05,2252.342877664466,False,11
0.3998461190210659,0.3998461190210659,0.0,2.2642855467186784,0.8491700785789053,0.3225964450541449,hill,1,0,0,0.0,0,6.375546497883625e-05,1918.7601338874817,False,11
0.46594361067732215,0.46594361067732215,0.0,9.631719881789678,0.23870186998220042,0.76423646667323,hill,0,0,0,0.0,5,6.357351476395977e-05,9308.408034225029,False,11
0.5373303522093149,0.5373303522093149,0.0,9.413159209831031,0.18099100799589374,0.516476148375863,hill,1,0,0,0.0,0,6.375546497883625e-05,7731.269408708626,False,11
0.5452078242227149,0.5452078242227149,0.0,4.71338689773839,0.5854130671001343,0.43504871198705536,hill,1,0,0,0.0,0,6.375546497883625e-05,4158.769528820211,False,11
0.675399286198815,0.675399286198815,0.0,7.158431775810439,0.7747093237418591,0.19029900620195722,hill,0,0,0,0.0,1,6.257893017477809e-05,5951.715387008584,False,11
0.47181301128346176,0.47181301128346176,0.0,11.800408686425481,0.7404380645843509,0.4570403321731113,hill,0,0,0,0.0,2,6.375546497883625e-05,11302.534323977528,False,11
0.43724136503726413,0.43724136503726413,0.0,4.376709005481433,0.25589282907102145,0.4997471769326816,hill,0,0,0,0.0,0,6.375546497883625e-05,3216.1858148750966,False,11
0.46522938974282413,0.46522938974282413,0.0,14.508806633729655,0.7087554472932962,0.7992914941741893,hill,0,0,0,0.0,4,5.046112605906481e-05,12050.395092674831,False,11
0.15265650286305882,0.15265650286305882,0.0,14.981593790872315,0.5931307047335276,0.2770448931205419,hill,1,0,0,0.0,6,0.0006082982733218857,12386.412419313265,False,11
0.6035390165120421,0.6035390165120421,0.0,3.0448569438755806,0.4612717193954691,0.24402682448634158,hill,0,0,0,0.0,0,0.0006240381789002898,2796.042236805438,False,11
0.4384134477101317,0.4384134477101317,0.0,14.796498574643943,0.27262969382972696,0.7203212545736464,hill,0,0,0,0.0,4,0.0006203442175600467,15657.731833864638,False,11
0.21840181710134493,0.21840181710134493,0.0,8.063535407522528,0.3021319116510937,0.3483715067172159,hill,0,0,0,0.0,0,0.0006240381789002898,7266.6052546098945,False,11
0.7518607703376351,0.7518607703376351,0.0,3.2718961004914657,0.26151589140070713,0.17184708899772277,hill,1,0,0,0.0,0,0.0006240381789002898,2819.6943797742083,False,11
0.517027817876001,0.517027817876001,0.0,3.3973805025801043,0.38633230812654024,0.36024018860167867,hill,0,0,0,0.0,0,0.0006240381789002898,2673.6701277961815,False,11
0.5575577348863481,0.5575577348863481,0.0,10.836064890462135,0.34090581659840463,0.5366282824277248,hill,0,1,1,0.15935662152984978,3,0.0006240381789002898,9075.827112066192,False,11
0.6189877608777905,0.6189877608777905,0.0,2.1489594841840716,0.09635446697492378,0.27042057980538947,hill,0,0,0,0.0,0,0.0006240381789002898,2092.1973313660865,False,11
0.4613351932326957,0.4613351932326957,0.0,2.93142694022852,0.24029793639194574,0.21919978396591783,hill,1,0,0,0.0,0,0.0006240381789002898,2369.936766849497,False,11
0.8239189951825341,0.8239189951825341,0.0,0.947785892559395,0.39397272254636906,0.4185834766646637,hill,0,0,0,0.0,0,0.0006240381789002898,839.4975903023918,False,11
0.4220568075774783,0.4220568075774783,0.0,6.3561938200331,0.6428975960496981,0.6452441444234156,hill,1,0,0,0.0,0,0.0006240381789002898,6219.768703150202,False,11
0.6529933235224994,0.6529933235224994,0.0,2.3550705481357515,0.49967517007611234,0.22613588636869258,hill,1,0,0,0.0,0,0.0006240381789002898,2169.2123455508367,False,11
0.6999654441194936,0.6999654441194936,0.0,4.154596370036532,0.3408939110400056,0.5704270698312042,hill,0,0,0,0.0,0,0.0006240381789002898,3745.76229313003,False,11
0.5635026586719759,0.5635026586719759,0.0,4.239174593743198,0.4881135705518718,0.3720243141946479,hill,1,0,0,0.0,0,0.0006240381789002898,3879.3020195457334,False,11
0.5057936752203328,0.5057936752203328,0.0,3.123997630011152,0.36904118518420714,0.4549937563244989,hill,1,0,0,0.0,0,0.0006240381789002898,2498.511143848026,False,11
0.6934958905627182,0.6934958905627182,0.0,5.0774328569572535,0.3381555450793268,0.2726257453991717,hill,1,0,0,0.0,0,0.0006240381789002898,4351.985717325698,False,11
0.27388294277568404,0.27388294277568404,0.0,5.094126389274234,0.4591179827569973,0.4782325904615334,hill,0,0,0,0.0,0,0.0006240381789002898,4351.0554883752475,False,11
0.43864902582742527,0.43864902582742527,0.0,14.202932468343992,0.2297727823677375,0.28771886291882176,hill,0,0,0,0.0,5,0.0006240381789002898,11483.137940106855,False,11
0.5069457449926025,0.5069457449926025,0.0,7.743954558821363,0.7137606344161165,0.2786262749760058,hill,0,1,1,0.3333333333333333,1,0.0006240381789002898,6158.247113474119,False,11
0.3707179996437657,0.3707179996437657,0.0,3.276922736369297,0.36639664455437354,0.7008338744171361,hill,0,0,0,0.0,0,0.0006240381789002898,3051.74391405521,False,11
0.6388776240766821,0.6388776240766821,0.0,3.356787800611355,0.653771436033469,0.09930129435761001,mountain,1,0,0,0.0,0,0.021773970033332098,2757.6715841373725,False,11
0.4164396996361345,0.4164396996361345,0.0,8.867030623088677,0.2674449500505581,0.17527527737055706,mountain,0,0,0,0.0,1,0.03958903642424017,7433.550131805369,False,11
0.571208546133715,0.571208546133715,0.0,5.8224165705241155,0.34282292563490474,0.5670514567526228,mountain,0,0,0,0.0,0,0.03958903642424017,4607.560617591471,False,11
0.6610391554163747,0.6610391554163747,0.0,3.613951829731481,0.7486458414064837,0.2029208701128372,mountain,1,0,0,0.0,0,0.021773970033332098,2733.257691975953,False,11
0.7378548277741068,0.7378548277741068,0.0,2.868268218626975,0.5933187480363311,0.5247153374017997,mountain,0,0,0,0.0,0,0.03958903642424017,2254.7594331930604,False,11
0.2501245846498684,0.2501245846498684,0.0,2.4146483519245057,0.5852049005967997,0.170140892679701,mountain,1,0,0,0.0,0,0.021773970033332098,2394.981227981271,False,11
0.615152642774628,0.615152642774628,0.0,1.9849726344218726,0.5900094997732123,0.5610148084333271,mountain,0,0,0,0.0,0,0.03958903642424017,1677.897817305689,False,11
0.35076487233847636,0.35076487233847636,0.0,6.287864064427388,0.5386988303765687,0.3828574488533001,mountain,1,0,0,0.0,2,0.021773970033332098,5871.380367916317,False,11
0.6599874092955637,0.6599874092955637,0.0,1.2188929244446427,0.33800372811207396,0.1134558489135422,mountain,0,0,0,0.0,0,0.03958903642424017,942.3451588635377,False,11
0.24039455022549513,0.24039455022549513,0.0,3.7026774376468916,0.30113081450672935,0.7960171262095451,mountain,0,0,0,0.0,0,0.03958903642424017,3142.169573696189,False,11
0.6507173810048897,0.6507173810048897,0.0,0.5,0.3156118092984461,0.25133854074398104,mountain,0,0,0,0.0,0,0.03958903642424017,418.09272838197177,False,11
0.5288095473796905,0.5288095473796905,0.0,5.831570473958596,0.2775349269565975,0.8671004770428962,mountain,0,0,0,0.0,0,0.03958903642424017,5284.6991714295,False,11
0.4636080529454278,0.4636080529454278,0.0,11.965678891406721,0.3377331152656957,0.35892941580193755,plain,1,1,1,0.15471063481932712,7,0.06324478346545216,8979.403402715707,False,12
0.6073254047275258,0.6073254047275258,0.0,9.208920347427796,0.22643298246596202,0.16067662260159643,plain,1,0,0,0.0,1,0.06608789844644994,8146.813420055521,False,12
0.4855279395717367,0.4855279395717367,0.0,39.24691828294058,0.7662024005769118,0.20611292074351673,plain,0,0,0,0.0,2,0.06635310128277332,29159.149347243587,False,12
0.555493876084745,0.555493876084745,0.0,18.01317299889533,0.7691745849747128,0.49118231902224835,plain,1,0,0,0.0,3,0.06585599148937843,13625.29632205799,False,12
0.3138615562766688,0.3138615562766688,0.0,45.23496481470772,0.02,0.6189244471173714,plain,1,0,0,0.0,5,0.06278628634449239,35242.465800420476,False,12
0.2817224237399819,0.2817224237399819,0.0,33.15181841332595,0.2087643555848413,0.8124750312241162,plain,1,1,1,0.083040856474801,9,0.06340091227988842,26644.95834819274,False,12
0.25602284979586326,0.25602284979586326,0.0,20.97832447182475,0.09723722560028085,0.37676293693502383,plain,1,0,0,0.0,6,0.06457224983269301,16732.982071913248,False,12
0.40272424701728843,0.40272424701728843,0.0,25.65768789301317,0.6390925727146706,0.34416890646246356,plain,1,1,1,0.08440689468866021,6,0.06545039514883969,18410.130277465876,False,12
0.5295341870766864,0.5295341870766864,0.0,13.820979501205555,0.6171257541264887,0.3255205023133804,plain,1,1,1,0.16912546646571328,9,0.0652666657095349,10774.76417475115,False,12
0.4616779596156142,0.4616779596156142,0.0,27.814556911482143,0.6150791957333688,0.7822722733965949,plain,1,1,1,0.3380439681526604,7,0.06577731373491177,22246.288715169918,False,12
0.3402646242122217,0.3402646242122217,0.0,10.697268382183864,0.44443892119782547,0.21829533402436455,plain,1,0,0,0.0,6,0.062078143215793524,8446.959172972876,False,12
0.3824808200877159,0.3824808200877159,0.0,14.40269149526001,0.3267451735559478,0.6053706915104533,plain,1,0,0,0.0,6,0.06423528125156872,10355.898991840531,False,12
0.6011711100372313,0.6011711100372313,0.0,11.308125313555513,0.17882692333171224,0.14766775129444062,plain,0,1,1,0.1578003616440394,1,0.0663498091705542,7371.511803789479,False,12
0.20608942392797489,0.20608942392797489,0.0,9.976481560436346,0.761028575796216,0.549328503744621,plain,1,0,0,0.0,1,0.06613090126451893,8952.404319506368,False,12
0.49159308816980474,0.49159308816980474,0.0,17.773795667764862,0.1837532211822595,0.10880212253413483,plain,1,0,0,0.0,5,0.06005819593535537,14137.633128910287,False,12
0.3947724181271791,0.3947724181271791,0.0,28.135888221302444,0.6018812411559111,0.3134647615453601,plain,1,1,1,0.4137771320802049,6,0.0656370342032176,23062.92817260814,False,12
0.2816316348977335,0.2816316348977335,0.0,17.738681728461835,0.14395640960552492,0.45223606403228417,plain,1,0,0,0.0,8,0.061678566204628506,11889.071000116017,False,12
0.4078236416301899,0.4078236416301899,0.0,56.2189837062044,0.40587662875364694,0.3785031653412917,plain,1,1,1,0.09046145009515805,9,0.06383090237976655,49351.3397764193,False,12
0.13440263774782302,0.13440263774782302,0.0,123.41283367547224,0.6598930184358401,0.5711177198600027,plain,1,0,0,0.0,4,0.06594221578444869,105108.23054667497,False,12
0.3059186182924362,0.3059186182924362,0.0,20.867174978740383,0.2845558245395101,0.25831218160416,plain,1,0,0,0.0,3,0.06613090126451893,14808.667037597883,False,12
0.24289226661920782,0.24289226661920782,0.0,15.99853527123471,0.3233068077444712,0.5629375429707684,plain,1,0,0,0.0,8,0.06528609326401298,9461.786922002717,False,12
0.38144166736298324,0.38144166736298324,0.0,7.901604523932389,0.17984793262375692,0.4536344774887693,plain,1,0,0,0.0,0,0.06613090126451893,5940.666116703634,False,12
0.36830500950483014,0.36830500950483014,0.0,23.177541373317094,0.7768900750049305,0.5257651377456999,plain,1,1,1,0.15264709458928266,7,0.06557059270446115,18811.76008063445,False,12
0.2562292586246852,0.2562292586246852,0.0,10.423255520518735,0.8163830433318076,0.5183197792894338,plain,0,0,0,0.0,5,0.06577545035109011,7632.325054735394,False,12
0.4168085811880441,0.4168085811880441,0.0,11.620149953748111,0.6175395087920057,0.05355567001524633,plain,1,0,0,0.0,1,0.06604362027716773,8528.34763849908,False,12
0.08,0.08,0.0,52.55298346244447,0.6988045853928048,0.676170404841457,plain,1,1,1,0.08026603992161875,10,0.06498391768842057,34349.37740913297,False,12
0.08,0.08,0.0,16.296897312320507,0.17912037794222718,0.3367764160829629,plain,1,0,0,0.0,3,0.0659833736938856,12824.761931776462,False,12
0.41367984192013485,0.41367984192013485,0.0,9.293924474390536,0.8834408285312093,0.48214459700534507,plain,1,0,0,0.0,4,0.0656770208375134,8266.827853243896,False,12
0.30266597985245847,0.30266597985245847,0.0,28.210665787910276,0.10825258707072022,0.37724845940277174,plain,1,1,1,0.15264709458928266,10,0.0640814147128121,23453.852734487482,False,12
0.28138365393237924,0.28138365393237924,0.0,18.293283418215186,0.328164996746813,0.36718213438278463,plain,1,0,0,0.0,6,0.06536223623722448,16032.990945081274,False,12
0.5411660293915246,0.5411660293915246,0.0,23.371006531578782,0.5333923857901461,0.14919520699170127,plain,1,0,0,0.0,5,0.06075767165580672,20646.6865314327,False,12
0.5135234785737082,0.5135234785737082,0.0,14.014793452469002,0.11320872978819706,0.471707831029897,plain,1,0,0,0.0,6,0.06579251006438608,10010.899143500308,False,12
0.3861629356323512,0.3861629356323512,0.0,20.128031424301838,0.13124083083035828,0.4969834457319086,plain,1,0,0,0.0,3,0.06606224019130295,17306.11232314053,False,12
0.48401817147111637,0.48401817147111637,0.0,31.042360540196785,0.5628265207443315,0.8577767997459187,plain,1,1,1,0.27326574269606346,8,0.06252693343868965,25578.58336014162,False,12
0.45329223349273984,0.45329223349273984,0.0,21.17822638504173,0.4134241179168481,0.263758189884594,plain,1,0,0,0.0,3,0.06173990132393856,18458.43310334238,False,12
0.08,0.08,0.0,34.39831188579515,0.7350288253188239,0.6852748921106036,plain,1,1,1,0.14593825440294317,7,0.06471244814972979,23769.373152529282,False,12
0.6609419195826143,0.6609419195826143,0.0,15.73113660688653,0.45564802708919866,0.5792043370592306,plain,1,0,0,0.0,4,0.05872143809261708,11938.940102349468,False,12
0.580064863873548,0.580064863873548,0.0,10.964647716765583,0.5464981563659823,0.834096086388471,plain,1,1,1,0.08655230998547807,4,0.06584806194546337,7722.779294169612,False,12
0.44447250997889004,0.44447250997889004,0.0,16.41625423620743,0.19312629560584757,0.43582195883238123,plain,0,1,1,0.0855615793503922,1,0.06636253713892755,12885.08920862226,False,12
0.5475080020544809,0.5475080020544809,0.0,13.442316474098106,0.14578678693585306,0.38280958241252366,plain,1,1,1,0.08681432811813515,7,0.06511690082801742,11787.059664405553,False,12
0.5803860777971916,0.5803860777971916,0.0,15.250116949431163,0.10453684091154092,0.3791548692566027,plain,1,0,0,0.0,9,0.06523546623527011,11987.328906846673,False,12
0.08,0.08,0.0,37.68088747174396,0.5818986251727613,0.6701312072904054,plain,1,0,0,0.0,3,0.06243080774999401,32360.731935357173,False,12
0.30615014647772304,0.30615014647772304,0.0,18.39555023212937,0.5102727198660565,0.7706074070183195,plain,1,0,0,0.0,6,0.06503099560548045,15698.0908142142,False,12
0.5436036836643139,0.5436036836643139,0.0,55.71300038046578,0.4585708131601852,0.573852354414947,plain,1,1,1,0.08604738768534474,11,0.05984130088804969,44471.97928348134,False,12
0.3919616869932307,0.3919616869932307,0.0,16.569281721290583,0.09121066922077237,0.5454674741038412,plain,1,0,0,0.0,9,0.06263271475574435,12360.424706448797,False,12
0.5506109812797683,0.5506109812797683,0.0,18.243560390639068,0.3603115364929264,0.3985074964722477,plain,1,0,0,0.0,5,0.06562448059546315,14864.766540545763,False,12
0.4337599367031226,0.4337599367031226,0.0,28.68143273621857,0.30846474968709325,0.2796341987826161,plain,1,1,1,0.15429413814234624,10,0.0653057036817116,21286.577324838152,False,12
0.4848390278474458,0.4848390278474458,0.0,17.403909889893495,0.18621100180366798,0.5104850923072234,plain,1,1,1,0.2735542355262491,4,0.06605587190327164,14293.05967757245,False,12
0.5637083284383949,0.5637083284383949,0.0,9.834998532238064,0.26517424356419567,0.6064441651572554,plain,0,0,0,0.0,4,0.059468087057188035,9350.073094221923,False,12
0.3749311873006914,0.3749311873006914,0.0,16.0242746796972,0.22123025527905416,0.44420322739331664,plain,1,0,0,0.0,1,0.06572801648110194,12380.102536648123,False,12
0.2851223137887128,0.2851223137887128,0.0,17.072203709751058,0.17685268067945825,0.8781039402154276,plain,1,0,0,0.0,9,0.061515562342407085,13738.530883061094,False,12
0.46341697233464973,0.46341697233464973,0.0,22.3509368126827,0.6825591861257673,0.36749107260868114,plain,1,1,1,0.13643326522703844,8,0.05922974691428752,17563.685416299148,False,12
0.3346519498730375,0.3346519498730375,0.0,8.38671367666572,0.1554990201758379,0.3515001385382146,plain,1,0,0,0.0,3,0.04624104770858246,7279.890890614831,False,12
0.4530400912210909,0.4530400912210909,0.0,7.5843078412387985,0.14187657727735603,0.6349589434002867,plain,1,0,0,0.0,6,0.04599126881000697,6678.049034412205,False,12
0.4462851798030365,0.4462851798030365,0.0,8.513008089090405,0.6474308677737295,0.21616343173152175,plain,0,0,0,0.0,1,0.046528460562647034,7094.4615584968415,False,12
0.4794083251661517,0.4794083251661517,0.0,8.086308016047758,0.0780612938891778,0.23129369484975115,plain,1,1,1,0.08580121846281973,3,0.04651031034328883,7186.694489539763,False,12
0.6137939619238786,0.6137939619238786,0.0,22.598004767526614,0.526906031772617,0.07884873369009784,plain,0,1,1,0.2808652086368449,10,0.04301641730165305,17424.638686690807,False,12
0.4096733081191548,0.4096733081191548,0.0,28.451236060342502,0.24539110646870646,0.35443495042623807,plain,1,1,1,0.08440689468866021,7,0.04534958895678764,24167.886837658538,False,12
0.4925098998732131,0.4925098998732131,0.0,16.52333927475251,0.3031778510602854,0.377665143340944,plain,1,0,0,0.0,5,0.046227209186501125,12263.003427783824,False,12
0.6502426724965468,0.6502426724965468,0.0,20.421589845737252,0.33387224783100833,0.455777737681875,plain,1,1,1,0.15935480101193714,3,0.046191803187707714,14531.38591752487,False,12
0.5973631866674419,0.5973631866674419,0.0,18.1380417503121,0.1920324776090572,0.3779355384039674,plain,1,1,1,0.15883771527941604,6,0.03767088053994562,14117.470636341552,False,12
0.412510578469088,0.412510578469088,0.0,18.557147948259065,0.5660520518912291,0.4135459097871673,plain,1,0,0,0.0,7,0.04609045947234186,13891.915704551386,False,12
0.2998696943654384,0.2998696943654384,0.0,25.896789489147025,0.3430001255275505,0.6497133574861785,plain,1,1,0,0.0,6,0.0457928020329529,20415.72041411242,False,12
0.6285998895943933,0.6285998895943933,0.0,14.36174853127793,0.2118679335434257,0.422732011524584,plain,1,0,0,0.0,4,0.04620042707286688,11548.215264418803,False,12
0.6493809107748272,0.6493809107748272,0.0,13.198104193288168,0.4849746891510934,0.36705470572399473,plain,1,0,0,0.0,4,0.046147143442503154,9975.158251087836,False,12
0.6877957201108488,0.6877957201108488,0.0,17.10864630665025,0.45159364675620445,0.3614260873269517,plain,1,0,0,0.0,6,0.04582098376446875,15016.12491278137,False,12
0.58915511799056,0.58915511799056,0.0,6.89069388489957,0.48463411116479,0.2408482090900743,plain,1,1,1,0.08655230998547807,2,0.04652608392108517,4850.583270478002,False,12
0.2733068973553354,0.2733068973553354,0.0,38.050532250468414,0.4910760648287929,0.6280582381103816,plain,0,1,1,0.15815787303613457,9,0.04631818571398684,28312.841247255517,False,12
0.33349483922284695,0.33349483922284695,0.0,15.861934246006621,0.2344277130419109,0.49903142515397986,plain,0,1,1,0.39110927327732586,9,0.043670501796566744,14051.954950963476,False,12
0.4205748497705633,0.4205748497705633,0.0,15.833786536825022,0.17855904265694725,0.6745059142027217,plain,1,0,0,0.0,5,0.046088965914989025,12388.706755293537,False,12
0.6019349196766719,0.6019349196766719,0.0,12.091107891224928,0.624802752747149,0.34838372840936577,plain,1,0,0,0.0,4,0.04605172345247387,10939.221538722562,False,12
0.17050016197119616,0.17050016197119616,0.0,34.52332300818101,0.6111686073951207,0.7717807300732924,plain,1,1,1,0.08179463781715555,6,0.04599216228159049,32968.02436989565,False,12
0.3913959036465068,0.3913959036465068,0.0,63.437975332613995,0.5800175698622647,0.24239719614752658,plain,1,0,0,0.0,5,0.046302295525184015,50571.155943486505,False,12
0.39509020915387427,0.39509020915387427,0.0,7.072050916086497,0.5000475576560682,0.5827240946893694,plain,1,1,1,0.15346708125210945,4,0.04644373554333203,4925.738367536236,False,12
0.46215525584865647,0.46215525584865647,0.0,5.257785923844078,0.5013514761307514,0.5706753865495029,plain,1,0,0,0.0,0,0.046528460562647034,4589.197678673571,False,12
0.20464067964980354,0.20464067964980354,0.0,7.423710892489789,0.8025857960939827,0.6320568038835122,plain,0,0,0,0.0,1,0.04648740397647684,5799.074578587956,False,12
0.3580300238129358,0.3580300238129358,0.0,19.27575100208033,0.6921332546891529,0.40973326125575243,plain,0,1,1,0.14124890286093011,9,0.03866561102868091,14768.00400153841,False,12
0.6237358953150713,0.6237358953150713,0.0,14.096955579412004,0.065639789403379,0.6629145606722038,plain,1,0,0,0.0,9,0.042122245293724124,11123.964059842618,False,12
0.3192979728103403,0.3192979728103403,0.0,7.573549946787135,0.8344561629848359,0.4768234798141672,plain,0,0,0,0.0,4,0.04021045558229205,6601.123808725414,False,12
0.3329135995650868,0.3329135995650868,0.0,40.83438570976571,0.2185187672561907,0.26117659113399294,plain,0,1,1,0.15223653437602677,6,0.04363646190101335,30755.4945666473,False,12
0.08457017704986847,0.08457017704986847,0.0,16.179291175601808,0.15936755070947708,0.7019991457298183,plain,1,1,1,0.13273283718446371,8,0.0449222174378115,12261.543804208774,False,12
0.5195323032302135,0.5195323032302135,0.0,28.35859472217413,0.5907965057511415,0.3426443095648388,plain,1,0,0,0.0,8,0.04369797679009575,26591.85304936848,False,12
0.5741385345269183,0.5741385345269183,0.0,4.7045330896122595,0.8325960010169231,0.37213986865998655,plain,1,0,0,0.0,0,0.046528460562647034,3835.04880523865,False,12
0.5481947548303645,0.5481947548303645,0.0,12.032873299062242,0.8095330611968958,0.4397152661141424,plain,1,1,1,0.08604738768534474,5,0.046313573996321286,9553.434782983666,False,12
0.5174741617738591,0.5174741617738591,0.0,4.023960421301773,0.16418781120833967,0.5395522430695996,plain,1,0,0,0.0,0,0.046528460562647034,3498.3148555699163,False,12
0.5484665979615958,0.5484665979615958,0.0,11.865711519947835,0.42992970366890243,0.49411210053667864,plain,0,0,0,0.0,2,0.045977700364958664,10150.17188125561,False,12
0.4267721036335302,0.4267721036335302,0.0,19.030758918531536,0.5886762266463181,0.43472996334401165,plain,1,0,0,0.0,9,0.045004812843254124,14183.566905299798,False,12
0.15152849882212313,0.15152849882212313,0.0,19.753402763185843,0.26352120588767086,0.40458389893205876,plain,0,1,1,0.08152080660435697,9,0.046171610149768685,16232.521057864073,False,12
0.6648007275839827,0.6648007275839827,0.0,9.259185306773842,0.5141818911078295,0.44026820318835175,plain,1,0,0,0.0,4,0.0459177443996555,7315.919098915369,False,12
0.6093789019001932,0.6093789019001932,0.0,5.442908803092437,0.8186278081726654,0.5128103690670127,plain,1,0,0,0.0,1,0.046528460562647034,4378.180478766524,False,12
0.3903652647881436,0.3903652647881436,0.0,19.223445649925214,0.5847634159557685,0.11512965156207533,plain,0,0,0,0.0,2,0.04595909063481603,15320.97783675236,False,12
0.7204708508416289,0.7204708508416289,0.0,10.69005515764509,0.18714727330021322,0.2768803505025118,plain,1,0,0,0.0,7,0.04223153801615694,8682.683851724567,False,12
0.6493691313051431,0.6493691313051431,0.0,3.446293660560495,0.37446176253636426,0.48298362011957724,hill,0,0,0,0.0,0,0.0027823836191608426,2998.8504950072825,False,12
0.7413151065918786,0.7413151065918786,0.0,3.9324353661446594,0.4933324125782153,0.32446670472017636,hill,0,0,0,0.0,1,0.0027823836191608426,2864.9414519561365,False,12
0.4933311847688521,0.4933311847688521,0.0,3.4533579665165828,0.7461573951679403,0.4864971709097732,hill,0,0,0,0.0,0,0.0027823836191608426,2877.7203002382184,False,12
0.5611727688336274,0.5611727688336274,0.0,6.308758935742531,0.3890830840920122,0.28255204361996145,hill,0,1,1,0.3333333333333333,1,0.0027823836191608426,5470.559158916408,False,12
0.20360143782251833,0.20360143782251833,0.0,3.4703862541558133,0.3571868607542598,0.3606992405787403,hill,0,0,0,0.0,0,0.0027823836191608426,3129.3209791462164,False,12
0.37819970943883785,0.37819970943883785,0.0,4.6708590697366725,0.23923389421199437,0.3857394373362561,hill,0,0,0,0.0,0,0.0027823836191608426,4376.340485507657,False,12
0.5366657624046385,0.5366657624046385,0.0,1.336780706102249,0.047513015711011526,0.2701130494078994,hill,1,0,0,0.0,0,0.0023719078140269894,1117.9358240163976,False,12
0.5810488081978992,0.5810488081978992,0.0,5.321885905123252,0.40971014282247975,0.30799990679324396,hill,0,0,0,0.0,1,0.0027823836191608426,3843.7083930660947,False,12
0.2915356729845092,0.2915356729845092,0.0,4.123253142132091,0.5028724806064895,0.6399031215671434,hill,1,0,0,0.0,0,0.0023719078140269894,3628.782706903557,False,12
0.3985236975952598,0.3985236975952598,0.0,3.079951478313332,0.38422466401906297,0.39602417279534075,hill,1,0,0,0.0,0,0.0023719078140269894,2585.557937909062,False,12
0.588864978315928,0.588864978315928,0.0,4.753866361805756,0.08832227896950064,0.4097739100193084,hill,1,0,0,0.0,0,0.0023719078140269894,4173.596179262341,False,12
0.4569654212201322,0.4569654212201322,0.0,5.722218919134837,0.5230556339230281,0.24859293508022817,hill,0,0,0,0.0,0,0.0027823836191608426,4756.093365053843,False,12
0.502362559513614,0.502362559513614,0.0,4.445646749863676,0.31275708498828386,0.14593949035363252,hill,0,0,0,0.0,0,0.0027823836191608426,4145.439089483382,False,12
0.6875432862445984,0.6875432862445984,0.0,7.289515173589519,0.3359712598449507,0.41364985014103406,hill,0,0,0,0.0,0,0.0027823836191608426,7212.663469078085,False,12
0.5244876021496534,0.5244876021496534,0.0,6.594338116894782,0.48173295043841424,0.5292925706598085,hill,0,0,0,0.0,4,0.002742483022381908,5574.246384733252,False,12
0.30843231342176036,0.30843231342176036,0.0,8.305058092804217,0.4935403202620242,0.19194437740406137,hill,1,0,0,0.0,0,0.0023719078140269894,7896.792863606444,False,12
0.5175755399863982,0.5175755399863982,0.0,4.532085325147644,0.7322719579929747,0.5108568517869869,hill,0,0,0,0.0,0,0.0027823836191608426,3994.3851041916614,False,12
0.6595045165430768,0.6595045165430768,0.0,3.065598095841524,0.3673726150091464,0.7899574262272175,hill,0,0,0,0.0,0,0.0027823836191608426,2205.784665085842,False,12
0.39391407670896855,0.39391407670896855,0.0,7.311245725005688,0.563693890594725,0.30060926515817554,hill,0,0,0,0.0,2,0.0027823836191608426,6519.192881294524,False,12
0.5235228559471938,0.5235228559471938,0.0,10.945358001323985,0.3934557852343964,0.36306092612394,hill,1,0,0,0.0,4,0.0023320072172480547,10835.32960666507,False,12
0.5938881442696292,0.5938881442696292,0.0,2.8678247850325644,0.4312758992544513,0.5706850108892286,hill,1,0,0,0.0,0,0.0023719078140269894,2813.3733658227534,False,12
0.12486156521944719,0.12486156521944719,0.0,10.655021214669741,0.4437917426164762,0.7600787249768901,hill,0,0,0,0.0,3,0.0027642274503553465,9442.418006531627,False,12
0.5868128423892937,0.5868128423892937,0.0,11.254211700299097,0.3847079855959453,0.18144457883707224,hill,1,0,0,0.0,1,0.0023719078140269894,9254.862565104679,False,12
0.641743663745763,0.641743663745763,0.0,4.738915063496166,0.42365836177473476,0.08507680865901404,hill,1,0,0,0.0,1,0.0023719078140269894,3706.8857258609705,False,12
0.3646247130235817,0.3646247130235817,0.0,4.2346465841861285,0.18750070202285388,0.35783434013561366,hill,1,0,0,0.0,0,0.0023719078140269894,4047.906921629241,False,12
0.3670077954045909,0.3670077954045909,0.0,4.027745829721695,0.527315221052431,0.7303451380098794,hill,0,0,0,0.0,0,0.0027823836191608426,3168.1060326046327,False,12
0.4734755732122416,0.4734755732122416,0.0,8.28669236446368,0.2584486533297857,0.8063986686827354,hill,0,0,0,0.0,3,0.0027823836191608426,7507.8902521847285,False,12
0.5382045951227113,0.5382045951227113,0.0,7.72606215004077,0.34718083378177333,0.4932733581312747,hill,1,0,0,0.0,3,0.0023719078140269894,6133.911343771057,False,12
0.6631275151524635,0.6631275151524635,0.0,1.509122336963008,0.3323988139844423,0.05413262594074064,hill,0,0,0,0.0,0,0.0027823836191608426,1209.715851570802,False,12
0.3919438983307061,0.3919438983307061,0.0,5.180575557903602,0.6359835067296432,0.30254447592180334,hill,1,0,0,0.0,0,0.0023719078140269894,4411.6229023141805,False,12
0.25411156375845934,0.25411156375845934,0.0,5.357118725751829,0.8122063180141645,0.9559443892959216,hill,0,0,0,0.0,1,0.0027823836191608426,4662.7534352210905,False,12
0.4432665850262396,0.4432665850262396,0.0,12.572337286950766,0.4611249250223698,0.5167811216435274,hill,0,0,0,0.0,3,0.0027823836191608426,10802.676857043178,False,12
0.7319259719528313,0.7319259719528313,0.0,1.326228318509692,0.47169237811482106,0.36431833187320967,hill,0,0,0,0.0,0,0.0027823836191608426,1015.9570309099396,False,12
0.6706783327777734,0.6706783327777734,0.0,3.3114617377666624,0.15655171853213068,0.33231989253533584,hill,0,0,0,0.0,0,0.0027823836191608426,3052.3076385310133,False,12
0.46965652672406105,0.46965652672406105,0.0,5.282834291254098,0.37351271903460764,0.34939617799259115,hill,1,0,0,0.0,0,0.0023719078140269894,4833.758348651533,False,12
0.6308578386433051,0.6308578386433051,0.0,5.022396593493191,0.14465111846814047,0.6401514987478246,hill,1,0,0,0.0,0,0.0023719078140269894,4382.016697845888,False,12
0.7659165950212532,0.7659165950212532,0.0,5.628455866880467,0.390936475431149,0.4223093355218654,hill,1,0,0,0.0,0,0.0023719078140269894,5730.895639414538,False,12
0.36071796207166057,0.36071796207166057,0.0,5.6062128380760745,0.3502851739551572,0.26033305510888893,hill,0,0,0,0.0,0,0.0027823836191608426,5100.766396089178,False,12
0.6687462894634995,0.6687462894634995,0.0,6.998173074426281,0.16595750192839692,0.39079539657087803,hill,0,0,0,0.0,5,0.0023392398018367714,5663.229608670381,False,12
0.38394738844431275,0.38394738844431275,0.0,18.002660361825285,0.269315767342392,0.43834980669973606,hill,1,0,0,0.0,0,0.0023719078140269894,15937.057135051073,False,12
0.6753961135207404,0.6753961135207404,0.0,2.664097491571877,0.1349422858638874,0.5509705716977287,hill,0,0,0,0.0,0,0.0027823836191608426,2296.0225707147465,False,12
0.6079939389011402,0.6079939389011402,0.0,9.241482355338041,0.6034740120365039,0.519031947848212,hill,1,0,0,0.0,1,0.002331007444784234,9245.339770507751,False,12
0.5471626803650441,0.5471626803650441,0.0,8.277675442554422,0.4666846392806322,0.37652209028419736,hill,0,0,0,0.0,1,0.0027823836191608426,7416.812653536744,False,12
0.49419281587418606,0.49419281587418606,0.0,6.199308210007847,0.19695699259115185,0.29104644809698305,hill,0,0,0,0.0,0,0.0027823836191608426,6135.5164795606,False,12
0.49050649508644806,0.49050649508644806,0.0,5.916561606227491,0.7033855529463118,0.5783742282796194,hill,0,1,1,0.18333333333333335,1,0.09922207441485578,4118.578546296029,False,12
0.7114235639737393,0.7114235639737393,0.0,4.404764345035539,0.22231955704924952,0.28426417055138353,hill,0,0,0,0.0,0,0.09922207441485578,3296.4108084269988,False,12
0.5425457375618741,0.5425457375618741,0.0,7.192554021204644,0.5682731467622943,0.4693965872464435,hill,0,0,0,0.0,0,0.09922207441485578,4672.166099499969,False,12
0.6068988037478629,0.6068988037478629,0.0,6.326153123104698,0.1972116159084848,0.3485668973938397,hill,0,0,0,0.0,0,0.09922207441485578,4806.103673119659,False,12
0.5468913609362424,0.5468913609362424,0.0,5.85493174516294,0.34655230770024936,0.3846260479581093,hill,1,0,0,0.0,2,0.08842035077650898,4225.710659730769,False,12
0.6860440223444779,0.6860440223444779,0.0,5.3187692463827885,0.05235826111148681,0.41287462985936113,hill,0,0,0,0.0,1,0.09868906969590974,4199.644098776125,False,12
0.5271770833365651,0.5271770833365651,0.0,2.4652920694187865,0.4214110116086424,0.30653005880278084,hill,0,0,0,0.0,0,0.09922207441485578,1793.3124841442655,False,12
0.3807516949811152,0.3807516949811152,0.0,2.854135358359336,0.8627206845674219,0.06666496772644238,hill,0,0,0,0.0,0,0.09922207441485578,2343.6278234116307,False,12
0.715484085520167,0.715484085520167,0.0,2.6385041861422063,0.5907186452814158,0.7129806014371691,hill,0,0,0,0.0,0,0.09922207441485578,2010.2910632274222,False,12
0.16673209221705304,0.16673209221705304,0.0,6.914596898234045,0.4237097710373449,0.4659091194963724,hill,0,0,0,0.0,0,0.09922207441485578,5149.054037676313,False,12
0.5223881022747165,0.5223881022747165,0.0,13.264384162513824,0.3253530790549091,0.306495302780507,hill,0,1,1,0.16741145275738956,3,0.0987556485049637,11450.740811686386,False,12
0.3956112924159279,0.3956112924159279,0.0,4.064406538410768,0.6203957504214201,0.6607344733984802,hill,0,0,0,0.0,0,0.09922207441485578,3003.1029028913176,False,12
0.3319322403189203,0.3319322403189203,0.0,4.077502195957575,0.5917300025722733,0.15432722903439913,hill,0,0,0,0.0,0,0.09922207441485578,2811.9707392961245,False,12
0.32805885732917717,0.32805885732917717,0.0,5.972984027197805,0.2230088550655111,0.465070857258914,hill,0,0,0,0.0,1,0.09922207441485578,3902.4684428556225,False,12
0.5823043998222774,0.5823043998222774,0.0,4.182690592851994,0.5581644187703098,0.2459710737248802,hill,0,0,0,0.0,0,0.09922207441485578,2967.4796177149196,False,12
0.539256189966587,0.539256189966587,0.0,5.227912894352633,0.1511121347018593,0.28255678219709135,hill,0,0,0,0.0,0,0.09922207441485578,3696.8431019586997,False,12
0.7354904013346356,0.7354904013346356,0.0,4.598152513027818,0.4783498647488866,0.33736968789803645,hill,1,0,0,0.0,0,0.0889180461841271,3977.1218880871515,False,12
0.4920595728626037,0.4920595728626037,0.0,15.831185106305801,0.18715938455829387,0.2116505705318879,hill,1,1,1,0.16832949330308655,5,0.08683978836339926,13289.808012388577,False,12
0.6685735184623942,0.6685735184623942,0.0,2.595632782057317,0.4551554666299509,0.5335309598524522,hill,1,0,0,0.0,0,0.0889180461841271,2040.9925376591466,False,12
0.4966212851885452,0.4966212851885452,0.0,6.740051827349379,0.6061027553325345,0.22491568926408956,hill,0,0,0,0.0,3,0.09450945521128566,4580.966391644886,False,12
0.5404743441373194,0.5404743441373194,0.0,6.846425018915968,0.4616254312975557,0.2442548888510807,hill,0,0,0,0.0,0,0.09922207441485578,4824.795890649975,False,12
0.17507280346132395,0.17507280346132395,0.0,17.777055785899968,0.4423884889028528,0.98,hill,0,0,0,0.0,2,0.09922207441485578,13039.493749423431,False,12
0.2556738876456541,0.2556738876456541,0.0,8.917257022229792,0.07486993298813213,0.8906821598326374,hill,0,0,0,0.0,0,0.09922207441485578,6488.744744803665,False,12
0.2809726742384391,0.2809726742384391,0.0,5.056585375168457,0.24998343871583537,0.7415760985982525,hill,1,0,0,0.0,0,0.0889180461841271,3794.3133645573243,False,12
0.4064476584128758,0.4064476584128758,0.0,4.774816023563642,0.08598587137851071,0.26914115150718965,hill,1,0,0,0.0,0,0.0889180461841271,3626.0612462544714,False,12
0.6529202592194913,0.6529202592194913,0.0,6.824012841812003,0.7270822289898735,0.2587388634065324,hill,1,0,0,0.0,3,0.08837003224457582,4613.077603900028,False,12
0.5812452367994791,0.5812452367994791,0.0,2.355204088278522,0.334387932234115,0.26850633167877724,hill,1,0,0,0.0,0,0.0889180461841271,1669.9343761307446,False,12
0.27097071787174687,0.27097071787174687,0.0,3.415621372677795,0.5267634461367565,0.3353640657838393,hill,1,0,0,0.0,0,0.0889180461841271,2538.3527607635865,False,12
0.7055900893098812,0.7055900893098812,0.0,4.38774358151925,0.3783347462903278,0.3133358629382611,hill,0,0,0,0.0,0,0.09922207441485578,2927.760493800518,False,12
0.3317642783587468,0.3317642783587468,0.0,3.109032794518472,0.7218559055411461,0.6132022343530388,hill,0,0,0,0.0,0,0.09922207441485578,2242.8266224274785,False,12
0.3506876596891326,0.3506876596891326,0.0,3.460367543847128,0.4244131896681863,0.23001200402508867,hill,1,0,0,0.0,0,0.0889180461841271,2299.9288151835776,False,12
0.4397951724692154,0.4397951724692154,0.0,4.7945725445175205,0.05444050882696702,0.5541657750822453,hill,1,0,0,0.0,0,0.0889180461841271,3652.4439596568286,False,12
0.3975110112582534,0.4434727550082534,0.045961743750000006,6.318392317905895,0.20212974567253159,0.5664636962595637,hill,0,0,0,0.0,0,0.18708318677879315,3528.3990729656434,False,12
0.44800972719827215,0.49397147094827215,0.045961743750000006,8.553274314857681,0.3175716712720009,0.19168855880860358,hill,0,0,0,0.0,1,0.18708226584821447,6029.763021130184,False,12
0.27854221449347244,0.32450395824347245,0.045961743750000006,7.749422647419688,0.38630519858408385,0.4324862047382103,hill,0,0,0,0.0,0,0.18708318677879315,5679.480233748009,False,12
0.7432998323603419,0.7892615761103419,0.045961743750000006,3.4955956295150474,0.042866719452992225,0.6307104749690274,hill,0,0,0,0.0,0,0.18708318677879315,2018.537680334793,False,12
0.7139849387087853,0.7599466824587853,0.045961743750000006,3.0143694118262467,0.5938767245468201,0.3215775650537737,hill,1,0,0,0.0,0,0.18708318677879315,2125.522116561255,False,12
0.5145275793782857,0.5604893231282857,0.045961743750000006,6.178167281715239,0.23228664733639012,0.06728563381595026,hill,0,0,0,0.0,0,0.18708318677879315,4805.033922245636,False,12
0.5457604738203969,0.5917222175703969,0.045961743750000006,5.836105192454506,0.26107323861410237,0.6915124456027566,hill,1,0,0,0.0,0,0.18708318677879315,3488.437634258974,False,12
0.37744500229625433,0.42340674604625433,0.045961743750000006,4.143868459539292,0.21732326123874124,0.22317729270876321,hill,1,0,0,0.0,0,0.18708318677879315,2426.3269026063595,False,12
0.4961580814873185,0.5421198252373185,0.045961743750000006,1.1552225163926002,0.2526597289439103,0.407262614995337,hill,1,0,0,0.0,0,0.18708318677879315,757.6072212946635,False,12
0.5496939054751256,0.5956556492251257,0.045961743750000006,3.479590354313934,0.3858692038065092,0.6578514101582869,hill,1,0,0,0.0,0,0.18708318677879315,2064.9340871797795,False,12
0.4280025033310889,0.4739642470810889,0.045961743750000006,4.373477986071741,0.24726695209491725,0.3025783256016992,hill,0,0,0,0.0,0,0.18708318677879315,2187.135560835254,False,12
0.4042082828034378,0.4501700265534378,0.045961743750000006,1.968666465705082,0.61113864318902,0.4329237568535776,hill,1,0,0,0.0,0,0.18708318677879315,1393.7923378802702,False,12
0.5149668541312136,0.5539668541312136,0.039,10.190732110604118,0.2180293957744198,0.7377320705860736,hill,1,0,0,0.0,6,0.18387863083318667,6086.513658375059,False,12
0.8210552048836626,0.8670169486336625,0.045961743750000006,2.6071083214236186,0.20370505808592282,0.03227569201301488,hill,0,0,0,0.0,0,0.18708318677879315,1408.3859842216305,False,12
0.4545921701080355,0.5005539138580355,0.045961743750000006,11.788374902516084,0.4746280975506141,0.16368661137974647,hill,0,0,0,0.0,3,0.1837806243801931,7816.514539107002,False,12
0.6580795603862583,0.7040413041362583,0.045961743750000006,4.275408933691848,0.589183922492506,0.7789847523145377,hill,0,0,0,0.0,0,0.18708318677879315,2588.2068012856444,False,12
0.43384059827051225,0.47980234202051225,0.045961743750000006,9.177817396910463,0.48803446373648535,0.22193017005064117,hill,1,0,0,0.0,0,0.18708318677879315,5344.245302562899,False,12
0.4429042398555948,0.4888659836055948,0.045961743750000006,6.202276059679711,0.598987638880007,0.06867394160451715,hill,0,0,0,0.0,0,0.18708318677879315,4053.3727468125326,False,12
0.5720315035910172,0.6179932473410172,0.045961743750000006,7.87554459794261,0.2386516005613423,0.0918722890685055,hill,1,0,0,0.0,0,0.18708318677879315,5271.322217151364,False,12
0.431559419452988,0.477521163202988,0.045961743750000006,21.68480642628706,0.7839174732834014,0.08861381788351386,hill,0,0,0,0.0,6,0.18695546565833493,16180.548847709335,False,12
0.5275310936567295,0.5275310936567295,0.0,4.018374234020977,0.5146075927384295,0.21891198707187198,mountain,1,0,0,0.0,0,0.0,3677.5567969788463,False,12
0.8245803531231002,0.8245803531231002,0.0,5.714211615988442,0.43876056627138893,0.0889503010669437,mountain,1,0,0,0.0,0,0.0,5582.5589403715685,False,12
0.6224926604513819,0.6224926604513819,0.0,2.343524909602696,0.8114647127751268,0.10040686801163837,mountain,0,0,0,0.0,0,0.0,1981.7279067769628,False,12
0.4237960722537254,0.4237960722537254,0.0,6.498272769201816,0.5825545025375374,0.9415344334447588,mountain,0,0,0,0.0,0,0.0,6029.260442509165,False,12
0.6600710995708017,0.6600710995708017,0.0,1.7977404525705862,0.5304861878609437,0.28047894163218196,mountain,0,0,0,0.0,0,0.0,1431.1349792570109,False,12
0.2629339468244214,0.2629339468244214,0.0,3.6999293674339904,0.29587921346722845,0.2979522461934638,mountain,0,0,0,0.0,0,0.0,3382.620092571416,False,12
0.7273243168092122,0.7273243168092122,0.0,3.282379330368763,0.1602056762320313,0.15313236116299872,mountain,0,0,0,0.0,0,0.0,2552.854065560465,False,12
0.535234730493391,0.535234730493391,0.0,2.9695530633935476,0.33154945675831327,0.22074832574286682,mountain,0,0,0,0.0,0,0.0,2670.8736320544986,False,12
0.7241074003189988,0.7241074003189988,0.0,2.525252937694119,0.36035148572292736,0.7155032476475276,mountain,1,0,0,0.0,0,0.0,2135.3776588005635,False,12
0.30143906757249284,0.30143906757249284,0.0,2.251073100362152,0.42170568297675026,0.5087541464090994,mountain,0,0,0,0.0,0,0.0,1639.2223769035722,False,12
0.3820521495656303,0.3820521495656303,0.0,3.165040821438969,0.49379568046677724,0.3112810338764669,mountain,1,0,0,0.0,0,0.0,2778.27883601505,False,12
0.08,0.08,0.0,3.2464499514236973,0.48676168662658675,0.37296860327879205,mountain,0,0,0,0.0,0,0.0,2769.073711028076,False,12
0.13726445769319406,0.13726445769319406,0.0,14.139759315469771,0.2854326421387661,0.2862524384754036,plain,1,0,0,0.0,10,0.10822280197398323,9255.184893164693,False,13
0.3606985945454304,0.3606985945454304,0.0,30.67199216922285,0.5881721301607837,0.15929199719436943,plain,0,1,1,0.3654838471989055,15,0.10167829498784742,23407.990605693216,False,13
0.5569620653080387,0.5569620653080387,0.0,7.831470779491755,0.34198113017359894,0.517648275562376,plain,0,0,0,0.0,13,0.09769728478720437,5052.800472874337,False,13
0.16133501525146643,0.16133501525146643,0.0,29.648642143406732,0.45561142176746267,0.5674996088330041,plain,1,0,0,0.0,4,0.10692545837917047,24107.15985443896,False,13
0.5576142185026914,0.5576142185026914,0.0,22.859254163392713,0.4976088686520414,0.2929055338506131,plain,1,1,1,0.41201016840882415,16,0.099650502971692,15898.965320655927,False,13
0.6946914531415282,0.6946914531415282,0.0,16.092604436333716,0.2190122478990938,0.3854134175787276,plain,1,1,1,0.29181434135066625,12,0.09223466239425482,11961.550122769404,False,13
0.309405754683168,0.309405754683168,0.0,21.85500366998428,0.5483785017245424,0.8102333499634964,plain,1,1,1,0.2777931266447458,17,0.0890205574429771,15614.626511366083,False,13
0.46832676610256974,0.46832676610256974,0.0,36.7851187041775,0.19184315899496374,0.741638470364258,plain,1,1,1,0.17331244685365235,15,0.08826255203230318,25918.34897197905,False,13
0.39233136541027436,0.39233136541027436,0.0,50.937497240284216,0.7028082298110004,0.1440765298731282,plain,1,1,0,0.0,8,0.10498885158565426,37980.65939286668,False,13
0.5455632592661309,0.5455632592661309,0.0,15.901221728820522,0.34070616905741713,0.3196109809509504,plain,1,1,1,0.35785415434929435,13,0.09915652082792699,11624.090528998366,False,13
0.7413176544578272,0.7413176544578272,0.0,19.961316117778814,0.23975648976274055,0.32312315289990345,plain,1,1,1,0.48022438094593856,18,0.08146622450044134,15758.198658583546,False,13
0.6562144874106968,0.6562144874106968,0.0,4.621628054155946,0.10587520435248232,0.5405847598218619,plain,1,0,0,0.0,1,0.10956880278576434,3649.1911159999363,False,13
0.45444089828831513,0.45444089828831513,0.0,39.28887848981866,0.6086246462694386,0.39420717617697126,plain,1,0,0,0.0,11,0.09841430764868016,27753.86171800039,False,13
0.5267198807911226,0.5267198807911226,0.0,10.920949509146599,0.41661833629053285,0.21120293334876908,plain,1,0,0,0.0,2,0.11080093204295578,7724.9001394944235,False,13
0.3151556146695146,0.3151556146695146,0.0,15.797894765260878,0.43815854762016704,0.6276162864289804,plain,1,1,1,0.1391946615526386,11,0.10761967934708745,11074.191897692499,False,13
0.12323395294718381,0.12323395294718381,0.0,22.121991946846492,0.39976584628861644,0.21468854640998442,plain,0,1,1,0.3333333333333333,5,0.1018662285460838,14551.524581570793,False,13
0.5266479968729314,0.5266479968729314,0.0,9.346776132623589,0.5754425449582905,0.7562420978187403,plain,1,0,0,0.0,9,0.10769938868530693,5486.76842991931,False,13
0.35499999732006515,0.35499999732006515,0.0,30.754143170648835,0.2122158817453456,0.2739373050279487,plain,0,1,1,0.13979312554053988,13,0.10240953216291962,22618.802183538188,False,13
0.45438791570564274,0.45438791570564274,0.0,29.84767019440677,0.6744237812341888,0.5778849682581686,plain,1,1,1,0.3604017060017845,14,0.09086861756458797,22639.525512974404,False,13
0.28706208117175647,0.28706208117175647,0.0,38.419350245349236,0.5548742782444299,0.7124424263985787,plain,1,0,0,0.0,9,0.1088258105897821,27973.26519225617,False,13
0.5182263915205578,0.5182263915205578,0.0,15.754820006687433,0.5531342900384632,0.6002931211360838,plain,1,1,1,0.37965934677919116,15,0.08786772271710303,14009.712333067067,False,13
0.4962016203936727,0.4962016203936727,0.0,19.810475423559286,0.15474687583991723,0.31229905258675306,plain,1,0,0,0.0,11,0.10077507056070208,15068.059395392309,False,13
0.40171478165306135,0.40171478165306135,0.0,28.648030131470502,0.7724375098969054,0.38679383931718675,plain,1,1,1,0.14040119492852118,7,0.10078855483950677,22575.037287504332,False,13
0.5591845119874815,0.5591845119874815,0.0,17.721795067212877,0.27353059016072,0.2860252128091662,plain,1,1,1,0.4243903962880229,12,0.09386944510053266,12325.59021506083,False,13
0.45620004288872895,0.45620004288872895,0.0,47.51015036632978,0.07503257566632657,0.6424297475413898,plain,1,1,1,0.1420086831175797,9,0.09966751269444855,38207.20614008085,False,13
0.5570621743493809,0.5570621743493809,0.0,30.8831324469902,0.4427347409551001,0.35419315279555885,plain,0,0,0,0.0,6,0.11485439920389162,19496.700968475972,False,13
0.2705360326234874,0.2705360326234874,0.0,33.534926862530256,0.27549347466527035,0.4840515747061314,plain,1,1,1,0.07622790866060551,15,0.10442667047352924,24090.16594498618,False,13
0.5209760535629178,0.5209760535629178,0.0,26.135180369387115,0.44152475509348543,0.18703435728710005,plain,1,0,0,0.0,8,0.1074720732939161,16268.44604902602,False,13
0.4835538677088079,0.4835538677088079,0.0,9.730550159585395,0.3993196097879525,0.21991479795926813,plain,1,0,0,0.0,5,0.1016328050419532,7263.016148470151,False,13
0.45412228110857683,0.45412228110857683,0.0,16.834303067618876,0.7182914112750486,0.25479170254093214,plain,1,1,1,0.3104814286449727,13,0.09311910336411697,11238.521708524453,False,13
0.36796158425295467,0.36796158425295467,0.0,25.80719153675,0.27527525392869406,0.8798595789269354,plain,1,1,0,0.0,9,0.10124586770450614,18863.48296687341,False,13
0.3228599964920266,0.3228599964920266,0.0,23.819370981118,0.2567103463910404,0.5340348674326023,plain,0,1,1,0.1391946615526386,13,0.10249442597993505,17388.586947821917,False,13
0.4558258525467669,0.4558258525467669,0.0,37.66987495790596,0.38456086214430407,0.25938517936513733,plain,1,1,1,0.14134438273810326,10,0.10149464220814475,29205.614684513544,False,13
0.5195729692928835,0.5195729692928835,0.0,16.187561281501317,0.5984534899903828,0.6464462249259242,plain,1,1,1,0.07828909084654923,11,0.1024093228786572,10854.874516063583,False,13
0.306584522769766,0.306584522769766,0.0,23.66581904734058,0.18564894042507293,0.6474759681801284,plain,1,1,1,0.22569072165836557,8,0.1026167226242771,16215.721863376899,False,13
0.37639692738785335,0.37639692738785335,0.0,18.130441022494875,0.1549400904111532,0.30905904259636746,plain,1,1,1,0.14071116608623685,8,0.1064199937320097,12508.698194790522,False,13
0.5182033063506879,0.5182033063506879,0.0,36.392119561206925,0.3915132257690586,0.5465078354522023,plain,1,1,1,0.1423438015391804,13,0.10666123910267011,29721.85120450852,False,13
0.5901858967817903,0.5901858967817903,0.0,22.292083902290994,0.4768723283168511,0.23185478670107418,plain,0,0,0,0.0,4,0.11541832893008885,17684.271797461384,False,13
0.5619197730097244,0.5619197730097244,0.0,11.259502673494653,0.6209137212322353,0.7003693951305787,plain,1,0,0,0.0,11,0.10318435994965836,6703.6616155422325,False,13
0.17584617577386852,0.17584617577386852,0.0,31.03125008871333,0.346571199460063,0.07574544703228892,plain,1,0,0,0.0,10,0.10727178730018368,22535.229108331434,False,13
0.4070384306045499,0.4070384306045499,0.0,35.741392180425706,0.27552244259700304,0.5732416717701176,plain,1,1,1,0.07722065721068666,11,0.09972626166205993,31647.344927848997,False,13
0.38284513637770634,0.38284513637770634,0.0,26.698941788048717,0.4191051971141223,0.6415020188220852,plain,1,1,1,0.14009716023453056,7,0.10278505271256033,16481.196876588125,False,13
0.44670133218521924,0.44670133218521924,0.0,8.9528270406696,0.3638752461339236,0.5467100152179248,plain,1,0,0,0.0,5,0.1077051934477911,6456.425162146251,False,13
0.1776383492339441,0.1776383492339441,0.0,9.213167270363607,0.1545507243414091,0.49030514118477525,plain,1,0,0,0.0,2,0.11066616031508958,7168.680615943816,False,13
0.34823563341588254,0.34823563341588254,0.0,14.736493041327709,0.18597404033774376,0.39195594947877616,plain,1,1,1,0.07722065721068666,13,0.09697861002404999,10755.451229902106,False,13
0.40856007394900007,0.40856007394900007,0.0,22.756278184673672,0.41162941999581015,0.4582733419006016,plain,1,0,0,0.0,12,0.09460041255587286,16765.536551852012,False,13
0.5025666115185545,0.5025666115185545,0.0,29.31106247570761,0.18290221356222985,0.35109577626194904,plain,0,1,1,0.07867683507549081,13,0.1048676058196349,19669.191755610624,False,13
0.3702592661788604,0.3702592661788604,0.0,13.954654916255194,0.506914868608807,0.4442680130843789,plain,0,1,1,0.0770534381289918,9,0.11243094066707135,9832.480544148257,False,13
0.3862529153250287,0.3862529153250287,0.0,24.871907861551595,0.27773666610752906,0.2974580815125365,plain,1,1,1,0.14009716023453056,11,0.10003667216141432,18951.562891824105,False,13
0.5246983388066575,0.5246983388066575,0.0,26.293535995149583,0.5060259817891746,0.47956799930591104,plain,1,1,1,0.22318073478741515,11,0.10375303463074119,16622.639675183338,False,13
0.35017325850122494,0.35017325850122494,0.0,22.56535939846939,0.41387457186696314,0.45484707716001815,plain,1,1,1,0.13979312554053988,15,0.0937846406436506,14128.294195450222,False,13
0.5129415615303126,0.5129415615303126,0.0,7.978431583292126,0.25680540038672467,0.6164339796529734,plain,1,0,0,0.0,1,0.11080128756214849,5892.023690320049,False,13
0.3964856522423079,0.3964856522423079,0.0,9.295444982405165,0.38045464064388396,0.42765091781133086,plain,0,0,0,0.0,3,0.04010883468032206,7566.849703810379,False,13
0.5600603787822741,0.5600603787822741,0.0,15.173496619290853,0.3143899014824592,0.3259470968709786,plain,0,1,1,0.3333333333333333,10,0.03801989959509741,10850.693667477175,False,13
0.5354001343823251,0.5354001343823251,0.0,5.371082717631142,0.6623043677626628,0.16766897147574483,plain,0,0,0,0.0,0,0.04033419640531884,4138.586319585533,False,13
0.1661841293443071,0.1661841293443071,0.0,15.630510274653872,0.5642552546669883,0.5512803425054942,plain,0,1,1,0.5166666666666667,13,0.029698663260350124,11943.049007352225,False,13
0.5563341624954954,0.5563341624954954,0.0,28.236468452211653,0.10044827039579148,0.7068566839573653,plain,0,1,1,0.19551578197915034,10,0.03751639943071907,22696.81260269634,False,13
0.5173285781913923,0.5173285781913923,0.0,19.659553890153564,0.7981037281502992,0.14961292969971654,plain,1,0,0,0.0,3,0.038594732558333886,15241.943294572611,False,13
0.5694477234015677,0.5694477234015677,0.0,10.088371037338163,0.49779898123549726,0.46623762762849913,plain,1,0,0,0.0,4,0.038465212625180156,8261.23776750644,False,13
0.47696098046921287,0.47696098046921287,0.0,9.867683646736971,0.8266194218901524,0.19773590447395634,plain,1,0,0,0.0,3,0.038594732558333886,9023.847157925899,False,13
0.1381548715528074,0.1381548715528074,0.0,15.837536041570944,0.7069683840253324,0.6802888668297302,plain,0,0,0,0.0,3,0.04033419640531884,13680.346184533895,False,13
0.6412338150061817,0.6412338150061817,0.0,8.9388588818924,0.2910972202236582,0.5875814942921489,plain,1,1,1,0.3333333333333333,4,0.037283671768634674,7885.659825057267,False,13
0.4648375705937729,0.4648375705937729,0.0,26.440031350759735,0.6714836712129897,0.598705820996721,plain,0,1,1,0.1887877309926508,7,0.03746295362822684,22045.626380864695,False,13
0.43593593845265866,0.43593593845265866,0.0,15.185681959504699,0.7842214571883699,0.6393011896654923,plain,0,1,0,0.0,5,0.040106449195889654,11194.561600156429,False,13
0.5076104765536558,0.5076104765536558,0.0,12.954562496408705,0.4730361817418223,0.22562789234245123,plain,1,0,0,0.0,3,0.03706193000082901,9751.219224738608,False,13
0.20289804606821538,0.20289804606821538,0.0,9.798391094848029,0.5099006132109847,0.7256295779874964,plain,1,0,0,0.0,7,0.037888566182425774,8471.73220327505,False,13
0.27886206128305924,0.27886206128305924,0.0,11.958336923364518,0.4773746222048591,0.5507777854995579,plain,1,1,1,0.3333333333333333,5,0.037283671768634674,9939.999453530982,False,13
0.5071650595966134,0.5071650595966134,0.0,56.835284140937375,0.8580278406341504,0.3155714047943587,plain,1,1,1,0.18333333333333335,12,0.035782993194751166,47497.0314900741,False,13
0.46220036251040675,0.46220036251040675,0.0,36.891411704823895,0.2296932102871352,0.6604946310562858,plain,1,1,1,0.18333333333333335,8,0.03630553040163798,26561.31069765264,False,13
0.2525149237874561,0.2525149237874561,0.0,17.640891261131504,0.5128146757918682,0.9264249423067901,plain,1,0,0,0.0,8,0.03692911789689353,14839.904385227379,False,13
0.30864502334459787,0.30864502334459787,0.0,13.212924329938177,0.18921428376829505,0.39589072968514954,plain,1,0,0,0.0,3,0.03813636603384389,11531.454644578529,False,13
0.31325247785423943,0.31325247785423943,0.0,18.43526309862097,0.3602836458177398,0.6003196799240651,plain,1,1,1,0.3333333333333333,9,0.035207559652525686,15280.230703458368,False,13
0.5075370870219489,0.5075370870219489,0.0,11.25209756778929,0.057096175435442695,0.853434864613861,plain,1,1,0,0.0,1,0.038594732558333886,10643.679531485435,False,13
0.1559468698664101,0.1559468698664101,0.0,4.995284890910662,0.48853732023319635,0.6228999683821503,plain,1,0,0,0.0,0,0.038594732558333886,4365.527688845611,False,13
0.5275116940831435,0.5275116940831435,0.0,27.76866929599788,0.44099520352237703,0.8505977842053409,plain,1,1,1,0.27744311768392255,8,0.03215141654393109,21830.875685870462,False,13
0.4986328831740587,0.4986328831740587,0.0,9.247104407637758,0.23905225573695552,0.7429524402553639,plain,1,0,0,0.0,2,0.038594732558333886,7013.56461670868,False,13
0.5027501719241071,0.5027501719241071,0.0,20.44866602181278,0.5824746135481808,0.5600454778692427,plain,1,1,1,0.18333333333333335,5,0.03787364912399932,16339.102205907562,False,13
0.38483159189386434,0.38483159189386434,0.0,13.142580323034785,0.39215544353758003,0.4588679943365089,plain,1,1,0,0.0,8,0.0363325586264317,10068.72097596443,False,13
0.3962830864302117,0.3962830864302117,0.0,27.846837535619457,0.8104393077212158,0.5218240045515177,plain,0,1,1,0.4264300428902523,10,0.035185051632797816,23785.675759602942,False,13
0.3894957738494145,0.3894957738494145,0.0,28.571087453467165,0.2771032437939543,0.432106254736458,plain,0,1,1,0.18333333333333335,8,0.03909898715786832,25878.489841224735,False,13
0.19271801288953896,0.19271801288953896,0.0,21.480154984603573,0.6136605388285657,0.20120431180737292,plain,1,1,1,0.3333333333333333,5,0.03706941045756891,16651.19162143454,False,13
0.25897346665909915,0.25897346665909915,0.0,15.835799462674359,0.22033630199210627,0.08423288114741875,plain,1,0,0,0.0,4,0.038594732558333886,11665.773950073066,False,13
0.2172229465715222,0.2172229465715222,0.0,17.77821605302336,0.3617341077314747,0.6250560858200183,plain,1,0,0,0.0,4,0.038594732558333886,15965.961085989282,False,13
0.18555990672385828,0.18555990672385828,0.0,15.305605206517212,0.3301715337201379,0.5535566150175721,plain,1,0,0,0.0,8,0.03693030446406209,13742.66582878537,False,13
0.3569014282324096,0.3569014282324096,0.0,16.748282759856103,0.3711618396215767,0.5237942630983669,plain,1,0,0,0.0,4,0.038594732558333886,12168.350892628316,False,13
0.49499741475242925,0.49499741475242925,0.0,12.554680737106791,0.360976566411849,0.3532004534338427,plain,0,1,0,0.0,5,0.0385108655297686,9963.559147904474,False,13
0.3093521157434953,0.3093521157434953,0.0,20.996488730939586,0.289453616520389,0.33959343231897654,plain,0,1,1,0.18333333333333335,8,0.03949228853575417,17408.589585365447,False,13
0.6045962224080668,0.6045962224080668,0.0,23.43723681901802,0.18755255345682803,0.5930191082591496,plain,1,0,0,0.0,5,0.03846114519143391,19549.407683712874,False,13
0.721467783658669,0.721467783658669,0.0,5.647552788523628,0.14595576358177959,0.39927204423874285,plain,1,0,0,0.0,0,0.038594732558333886,4008.6547012980686,False,13
0.3795122120316126,0.3795122120316126,0.0,11.934489173083485,0.5237856410774872,0.30693563584730793,plain,1,0,0,0.0,5,0.038594732558333886,10719.606789657475,False,13
0.4577939635648094,0.4577939635648094,0.0,9.400543865649434,0.27083103487427895,0.6981098936482988,plain,1,0,0,0.0,6,0.038594732558333886,7315.117892708215,False,13
0.4880976726645071,0.4880976726645071,0.0,19.783675225703007,0.1034429269493236,0.22167718483001986,plain,1,1,1,0.1925197931032889,9,0.036378593482939335,16244.438981729898,False,13
0.5108489426384055,0.5108489426384055,0.0,6.821197744761939,0.4361581260291031,0.34989469633159487,hill,0,0,0,0.0,0,0.024154674997681303,5651.910572792116,False,13
0.4718982297596465,0.4718982297596465,0.0,3.2810143080452776,0.8020634358908921,0.48968731432545676,hill,1,0,0,0.0,0,0.019245514070050006,2552.3007484275677,False,13
0.4123181499849219,0.4123181499849219,0.0,6.110830736534119,0.2792764344636804,0.7172891777057435,hill,0,0,0,0.0,0,0.024154674997681303,4889.393674005155,False,13
0.6889105874730402,0.6889105874730402,0.0,5.8951338919476415,0.5921488970927586,0.46585341973738675,hill,1,0,0,0.0,0,0.019245514070050006,5298.054468749251,False,13
0.4083663658298026,0.4083663658298026,0.0,9.212559155919726,0.02,0.6588915702554203,hill,1,1,1,0.3333333333333333,5,0.019245514070050006,8184.157053125948,False,13
0.7798945764967313,0.7798945764967313,0.0,4.13355927039896,0.3491000815043408,0.7456225541963379,hill,0,0,0,0.0,1,0.024154674997681303,3653.2747260319056,False,13
0.5208920910342575,0.5208920910342575,0.0,13.962349554724037,0.07166279851567907,0.9045161016778185,hill,0,0,0,0.0,4,0.024154674997681303,12911.713541489009,False,13
0.5947201135278437,0.5947201135278437,0.0,6.046968627761564,0.4345631267921675,0.39024717792461777,hill,0,0,0,0.0,2,0.023783457610417034,4826.8910459288945,False,13
0.6997484225608579,0.6997484225608579,0.0,6.751651045089456,0.2811435869036885,0.6001345080164939,hill,0,0,0,0.0,0,0.024154674997681303,4813.326225669425,False,13
0.4905465956946452,0.4905465956946452,0.0,13.609476271545981,0.16289345432483535,0.25336384014290747,hill,0,0,0,0.0,6,0.023655544943055197,12409.15433258477,False,13
0.46863241938140654,0.46863241938140654,0.0,6.777993703729433,0.5020213161425546,0.6066124515688078,hill,0,0,0,0.0,0,0.024154674997681303,5170.721542046834,False,13
0.4158898801171837,0.4158898801171837,0.0,5.540347767185724,0.4409089717581871,0.5934771213043273,hill,0,0,0,0.0,0,0.024154674997681303,4641.010002262946,False,13
0.5036624135514502,0.5036624135514502,0.0,8.073230278526315,0.28544129255196765,0.45901143974560715,hill,1,0,0,0.0,2,0.019245514070050006,6891.663824508099,False,13
0.715761459343342,0.715761459343342,0.0,8.69119814997864,0.610543304534959,0.2510572112571581,hill,0,0,0,0.0,1,0.024154674997681303,7812.175377717952,False,13
0.4560966164116351,0.4560966164116351,0.0,16.261967877801112,0.6457450346357225,0.7090267153791066,hill,0,0,0,0.0,1,0.024154674997681303,14531.759547193,False,13
0.590684376839609,0.590684376839609,0.0,5.707680339283166,0.6202088355295376,0.3754452498106676,hill,0,0,0,0.0,0,0.024154674997681303,4345.167084058494,False,13
0.37250265604101385,0.37250265604101385,0.0,6.501845567685472,0.3039336390848722,0.37443182483983795,hill,0,0,0,0.0,0,0.024154674997681303,5384.514854464163,False,13
0.3681162438833524,0.3681162438833524,0.0,8.55573469151052,0.39232881523286645,0.15519081409101912,hill,0,0,0,0.0,0,0.024154674997681303,7162.736026675576,False,13
0.4905014262160781,0.4905014262160781,0.0,3.2874155330578056,0.8480683362312348,0.23347852911077321,hill,0,0,0,0.0,0,0.024154674997681303,2650.3213760168464,False,13
0.5404300630443322,0.5404300630443322,0.0,9.165125209714093,0.7049682601577726,0.28146965433065047,hill,0,0,0,0.0,0,0.024154674997681303,8077.01126780334,False,13
0.6962862785916878,0.6962862785916878,0.0,5.451911223172432,0.24018262949588476,0.12584136315850758,hill,0,0,0,0.0,2,0.023655544943055197,4848.168712649669,False,13
0.6293332089511612,0.6293332089511612,0.0,5.492066382666589,0.492951604429328,0.05519901475745283,hill,1,0,0,0.0,0,0.019245514070050006,4343.318228523943,False,13
0.35851815036578455,0.35851815036578455,0.0,3.8883144773997276,0.44640183440084924,0.1694962065147156,hill,1,0,0,0.0,0,0.019245514070050006,2921.357998691632,False,13
0.5532678509974572,0.5532678509974572,0.0,3.5965340093227676,0.28605762646662447,0.409241438078552,hill,0,0,0,0.0,0,0.024154674997681303,2510.8680282527075,False,13
0.4718224199488173,0.4718224199488173,0.0,12.604985318789137,0.5010938047032402,0.25561490857296776,hill,0,0,0,0.0,4,0.023880153467636944,9164.241100452804,False,13
0.41493961252715317,0.41493961252715317,0.0,6.219863083078991,0.10360522432249113,0.1785850196601462,hill,1,0,0,0.0,0,0.019245514070050006,4882.639309543231,False,13
0.333171936446032,0.333171936446032,0.0,4.194987223198342,0.15655439353650707,0.6175225957824981,hill,1,0,0,0.0,2,0.018746384015423896,3870.6281687506503,False,13
0.19135271207955357,0.19135271207955357,0.0,9.973468730583217,0.22471333403278448,0.47320979003314345,hill,0,0,0,0.0,2,0.023655544943055197,8795.109999382414,False,13
0.2684767500113278,0.2684767500113278,0.0,7.543942671944671,0.10725898274299828,0.4276615736897729,hill,1,0,0,0.0,0,0.019245514070050006,6564.243236800398,False,13
0.41878927814800826,0.41878927814800826,0.0,6.865176865970916,0.268821522064514,0.28451785075843816,hill,0,0,0,0.0,1,0.024154674997681303,5538.655536473814,False,13
0.5761731908969743,0.5761731908969743,0.0,9.22275262443473,0.24632648435829657,0.044620770271061594,hill,0,0,0,0.0,1,0.020662710410334816,8623.718192294738,False,13
0.41110953558409996,0.41110953558409996,0.0,3.6309256701904595,0.17039514219759055,0.9011009730087711,hill,1,0,0,0.0,0,0.019245514070050006,2770.093460613931,False,13
0.6244799472729853,0.6244799472729853,0.0,3.115610911897361,0.4411736051859526,0.3936327234189502,hill,1,0,0,0.0,0,0.019245514070050006,2721.9609952784936,False,13
0.5518391375548835,0.5518391375548835,0.0,9.38751540743281,0.31789778330877394,0.25137705347396616,hill,1,0,0,0.0,1,0.015901383106663856,8062.625231550026,False,13
0.37539937856920663,0.37539937856920663,0.0,3.364913750611651,0.7612613225813711,0.35819366228417704,hill,0,0,0,0.0,0,0.024154674997681303,2651.15885773604,False,13
0.5442027438445073,0.5442027438445073,0.0,4.122497236252416,0.47313086150712547,0.09756123984842968,hill,1,0,0,0.0,0,0.019245514070050006,3352.2594525876493,False,13
0.5777449630379422,0.5777449630379422,0.0,7.423109044928624,0.09665750358981905,0.2689430243170624,hill,1,0,0,0.0,2,0.019245514070050006,6839.34083006,False,13
0.6425845568645074,0.6425845568645074,0.0,5.309217391640467,0.25849039932840884,0.27612244476106196,hill,0,0,0,0.0,0,0.024154674997681303,4311.572704151068,False,13
0.3625340112814087,0.3625340112814087,0.0,10.760581280694888,0.29817441619661317,0.4702944132476617,hill,0,0,0,0.0,0,0.024154674997681303,8531.1012899355,False,13
0.4748064519997667,0.4748064519997667,0.0,13.208919197638853,0.437675374766155,0.8836723744701351,hill,1,0,0,0.0,8,0.019245514070050006,10089.338461115749,False,13
0.5325722537231256,0.5325722537231256,0.0,3.0890493773737275,0.4000599840862999,0.3693407251082138,hill,0,0,0,0.0,0,0.024154674997681303,2853.7865523315477,False,13
0.7777650088539668,0.7777650088539668,0.0,6.010940385347956,0.11771083116359606,0.33951263888802324,hill,0,0,0,0.0,1,0.024154674997681303,5625.480904081416,False,13
0.11754652621309372,0.11754652621309372,0.0,4.176310793091457,0.4769845018498984,0.3722964495381463,hill,0,0,0,0.0,0,0.024154674997681303,3371.173052259054,False,13
0.7058852286314475,0.7058852286314475,0.0,6.965586677792607,0.5268698434736271,0.503389358186565,hill,0,0,0,0.0,0,0.024154674997681303,6720.538865688602,False,13
0.5659425690286287,0.5659425690286287,0.0,8.794544291984868,0.1601486842578918,0.44047236161373055,hill,0,1,1,0.3333333333333333,1,0.02920524556822839,6874.639375569578,False,13
0.6228295656491292,0.6228295656491292,0.0,4.400451777108878,0.09136502515043833,0.6264511258506635,hill,0,0,0,0.0,0,0.02920524556822839,3586.3888941524065,False,13
0.3578931005562076,0.3578931005562076,0.0,10.265181707735428,0.18684230430253684,0.489541733440169,hill,0,0,0,0.0,7,0.028467495776858736,8350.990982258352,False,13
0.5588311368378398,0.5588311368378398,0.0,4.364406875811311,0.04080953137693799,0.49949434367253065,hill,0,0,0,0.0,0,0.02920524556822839,3201.02448726908,False,13
0.4750954212831383,0.4750954212831383,0.0,5.523561454247983,0.3859188240612515,0.1509942785438968,hill,0,0,0,0.0,0,0.02920524556822839,4975.102541430655,False,13
0.4104146049930862,0.4104146049930862,0.0,3.82488668389466,0.15418089239572527,0.5722547392135007,hill,0,0,0,0.0,0,0.02920524556822839,2751.7162479018293,False,13
0.5482675966977398,0.5482675966977398,0.0,7.766323587613284,0.6600125708940364,0.31448808212147705,hill,0,0,0,0.0,2,0.02920524556822839,5881.931722026769,False,13
0.2921245206394244,0.2921245206394244,0.0,6.9220140321544,0.95,0.38233300351270305,hill,1,0,0,0.0,0,0.026289226570904982,6196.390341411594,False,13
0.39696529215786835,0.39696529215786835,0.0,4.943726510146201,0.2390160519314858,0.712784161080255,hill,1,0,0,0.0,0,0.026289226570904982,4381.729963437164,False,13
0.5318195988859599,0.5318195988859599,0.0,3.699165977484314,0.4083247764010648,0.4307290297950033,hill,0,0,0,0.0,0,0.02920524556822839,3137.7314398013223,False,13
0.6345093030271228,0.6345093030271228,0.0,3.4640596290069827,0.5049836105345408,0.25146211282829345,hill,1,0,0,0.0,0,0.026289226570904982,2823.997568426835,False,13
0.6013292250306783,0.6013292250306783,0.0,2.419188594438785,0.49526528815914295,0.40492833472048195,hill,0,0,0,0.0,0,0.02920524556822839,2164.688242403964,False,13
0.6186332717029972,0.6186332717029972,0.0,5.42586452120816,0.1411969827201407,0.2938334073074383,hill,0,0,0,0.0,0,0.02920524556822839,4765.624600157928,False,13
0.5171161195512373,0.5171161195512373,0.0,10.368742625733326,0.30535469352340455,0.7811447304491654,hill,0,0,0,0.0,2,0.02920524556822839,8261.202522881009,False,13
0.7133871522395393,0.7133871522395393,0.0,2.8639560582210435,0.5391788566290097,0.6224834060149328,hill,0,0,0,0.0,0,0.02920524556822839,2395.2244507688356,False,13
0.3821817585397914,0.3821817585397914,0.0,4.440132106716766,0.5330789224604592,0.3159286114471005,hill,0,0,0,0.0,0,0.02920524556822839,3913.9234735772015,False,13
0.5463710139477281,0.5463710139477281,0.0,6.109124534714054,0.3514197125119676,0.2580242835424601,hill,0,0,0,0.0,1,0.02920524556822839,4767.0282482921275,False,13
0.6295808212312184,0.6295808212312184,0.0,10.95845034639877,0.17013737170848542,0.6527884353011062,hill,0,0,0,0.0,2,0.02920524556822839,8984.885429815511,False,13
0.31770600084255757,0.31770600084255757,0.0,10.182883525036164,0.740319128618534,0.5824005375825334,hill,1,0,0,0.0,1,0.026289226570904982,7701.897601474031,False,13
0.4499658128579812,0.4499658128579812,0.0,9.97769422708883,0.47607402128272513,0.23345379654119658,hill,1,0,0,0.0,0,0.026289226570904982,8247.482612280575,False,13
0.4229310370576106,0.4229310370576106,0.0,5.4698868983829945,0.156625208922359,0.4257984860736816,hill,1,0,0,0.0,0,0.026289226570904982,5064.4402266933475,False,13
0.5209405039652513,0.5209405039652513,0.0,3.3213442341481128,0.3469616546820627,0.98,hill,0,0,0,0.0,0,0.02920524556822839,3012.0279240463433,False,13
0.4303128932278725,0.4303128932278725,0.0,5.736192775114907,0.6523341519574187,0.32107136084375587,hill,0,0,0,0.0,0,0.02920524556822839,4548.593517819507,False,13
0.4504560165321308,0.4504560165321308,0.0,3.9611019016145805,0.1298129161902327,0.21554418855294957,hill,1,0,0,0.0,0,0.026289226570904982,3639.9598941282384,False,13
0.45279915669299065,0.45279915669299065,0.0,9.626503040194153,0.7880011097049109,0.842065186680878,hill,0,0,0,0.0,1,0.02920524556822839,8501.711694733904,False,13
0.4843039736660242,0.4843039736660242,0.0,6.443431563873513,0.02,0.5936848154947973,hill,0,0,0,0.0,0,0.02920524556822839,5415.181312342726,False,13
0.47503048152038535,0.47503048152038535,0.0,5.36201940124846,0.38908435621399845,0.269608422924443,hill,1,0,0,0.0,0,0.026289226570904982,4390.4548776981155,False,13
0.42630479341765126,0.42630479341765126,0.0,12.049104701612167,0.11276941963731402,0.286727612422162,hill,1,0,0,0.0,6,0.024828474777202007,12100.488424503512,False,13
0.7046150314418352,0.7046150314418352,0.0,4.004865963951347,0.2702291928302785,0.6445428530887782,hill,1,0,0,0.0,0,0.026289226570904982,3326.408847175745,False,13
0.4503750569629196,0.4503750569629196,0.0,14.43965573848804,0.45073425233967335,0.27375519621224204,hill,1,0,0,0.0,8,0.02610233026494817,12223.8049028986,False,13
0.5231354999447259,0.5231354999447259,0.0,10.215646300989377,0.40711029679888083,0.39261627719442105,hill,0,0,0,0.0,4,0.02920524556822839,9039.243777650265,False,13
0.433997170914896,0.433997170914896,0.0,12.59706783937735,0.633876333151363,0.4265511902999033,hill,0,0,0,0.0,0,0.02920524556822839,11037.808730847393,False,13
0.42068706267796474,0.42068706267796474,0.0,8.80203074751281,0.37389244906348806,0.7139570952277636,hill,1,0,0,0.0,1,0.04713410318055586,5717.79661906158,False,13
0.4000973998755473,0.4000973998755473,0.0,3.7756101205578236,0.6699099103312146,0.2122256370986359,hill,0,0,0,0.0,0,0.05125974148732634,3552.7072492258835,False,13
0.6263023772339845,0.6263023772339845,0.0,5.575654325625419,0.2436685495986083,0.39036135654300463,hill,0,0,0,0.0,0,0.05125974148732634,4746.434207202614,False,13
0.5291011080252275,0.5291011080252275,0.0,17.02358901574497,0.452643747189964,0.28770162101500607,hill,0,0,0,0.0,7,0.04754200810678428,11870.425923293955,False,13
0.4177136472470735,0.4177136472470735,0.0,7.303957769120885,0.1618617403640618,0.22564693963537996,hill,0,0,0,0.0,0,0.05125974148732634,5223.893619082868,False,13
0.5053133421104696,0.5053133421104696,0.0,5.613849661779195,0.4774545029744068,0.87207507008601,hill,0,0,0,0.0,0,0.05125974148732634,5025.747022394962,False,13
0.1503540983118581,0.1503540983118581,0.0,3.662700968960635,0.2905882632210819,0.33500849800403354,hill,0,0,0,0.0,0,0.05125974148732634,3205.0599098030457,False,13
0.42498419620611977,0.42498419620611977,0.0,7.389279038709842,0.1781291893665535,0.44298773543181647,hill,0,1,1,0.24659427222515082,2,0.05125974148732634,5930.774966988616,False,13
0.41183489929252143,0.41183489929252143,0.0,8.218363176790136,0.3944268122176031,0.3362513999111717,hill,1,0,0,0.0,1,0.04713410318055586,6296.672379621256,False,13
0.42634059947354314,0.42634059947354314,0.0,2.1630563998271852,0.10346782174463312,0.4017202315263609,hill,1,0,0,0.0,0,0.04713410318055586,1772.162107115355,False,13
0.41559726697303045,0.41559726697303045,0.0,3.99098968693088,0.14054147792901883,0.7448630123785549,hill,1,0,0,0.0,0,0.04713410318055586,3196.931183400072,False,13
0.3435304881873716,0.3435304881873716,0.0,5.699011137819914,0.8360718648084242,0.6346100625351003,hill,0,0,0,0.0,0,0.05125974148732634,5398.663573967055,False,13
0.542129411289899,0.542129411289899,0.0,5.714192683336567,0.485291957727813,0.33942726037786125,hill,0,0,0,0.0,0,0.05125974148732634,4663.943962479427,False,13
0.451777944781294,0.451777944781294,0.0,2.5343076680431964,0.5162379741997067,0.1661488647075694,hill,1,0,0,0.0,0,0.04713410318055586,2029.5592967904263,False,13
0.30970125257796505,0.30970125257796505,0.0,7.417090666495953,0.29000654067010817,0.39179169000005143,hill,1,0,0,0.0,2,0.04713410318055586,5229.5434601546995,False,13
0.6528494514618258,0.6528494514618258,0.0,3.1183458743619306,0.5444817562045621,0.5018781693627559,hill,1,0,0,0.0,0,0.04713410318055586,2323.8333501917214,False,13
0.5097575437262342,0.5097575437262342,0.0,3.8536092243607336,0.18231313500242638,0.5341821295477737,hill,1,0,0,0.0,0,0.04713410318055586,3617.848086182702,False,13
0.1753185143742153,0.1753185143742153,0.0,4.495909960533673,0.28875974870971954,0.6272316340446464,hill,0,0,0,0.0,1,0.05125974148732634,3626.1168258132748,False,13
0.30839181932358617,0.30839181932358617,0.0,3.863834161707475,0.35687858163257413,0.35206573000202657,hill,0,0,0,0.0,0,0.05125974148732634,3498.099157504371,False,13
0.505395641410499,0.505395641410499,0.0,4.434628175167655,0.18622565969084476,0.3722540382034775,hill,1,0,0,0.0,0,0.04713410318055586,3902.6845088884206,False,13
0.45085143786453546,0.45085143786453546,0.0,3.902672434630398,0.6977370505709629,0.5778111470302453,mountain,0,0,0,0.0,0,0.008956695974075769,2888.6817785138005,False,13
0.25496426495097424,0.25496426495097424,0.0,5.106614435664698,0.7087587065128745,0.5464873961165911,mountain,0,0,0,0.0,0,0.008956695974075769,3709.099450556251,False,13
0.710737465581341,0.710737465581341,0.0,3.224070894217393,0.5157898191627022,0.22252581329485463,mountain,1,0,0,0.0,0,0.0049261827857416726,2906.259184075184,False,13
0.6994618359835121,0.6994618359835121,0.0,5.385873280774594,0.3886920146530149,0.5099227334221611,mountain,0,0,0,0.0,0,0.008956695974075769,4074.0695398694916,False,13
0.8495447602141455,0.8495447602141455,0.0,1.6839774291843412,0.22427390566814712,0.4358571822814652,mountain,0,0,0,0.0,0,0.008956695974075769,1533.5514768194068,False,13
0.2403958513122882,0.2403958513122882,0.0,3.7272600029589027,0.5721514009095573,0.500433946671925,mountain,0,0,0,0.0,1,0.008956695974075769,2759.2696136431464,False,13
0.6380741550050353,0.6380741550050353,0.0,2.9474387185197375,0.747706662765724,0.14874750783387408,mountain,0,0,0,0.0,0,0.008956695974075769,2208.914380661855,False,13
0.5982299574170751,0.5982299574170751,0.0,5.467524486620208,0.577544407988848,0.14845180339396646,mountain,0,0,0,0.0,0,0.008956695974075769,4853.48424075745,False,13
0.4375580889397255,0.4375580889397255,0.0,6.2040668793364,0.2029666257656402,0.8096784582103058,mountain,0,0,0,0.0,0,0.008956695974075769,4780.787850192833,False,13
0.597774055678511,0.597774055678511,0.0,4.629314791368876,0.5638052200568303,0.41115349066688206,mountain,0,0,0,0.0,0,0.008956695974075769,4211.350993231454,False,13
0.6413027969479094,0.6413027969479094,0.0,1.841096086626508,0.3467598243997309,0.307234323846688,mountain,0,0,0,0.0,0,0.008956695974075769,1587.225717488154,False,13
0.3427443363869507,0.3427443363869507,0.0,13.061424538325523,0.5517351296163907,0.5097800282784419,mountain,0,0,0,0.0,0,0.008956695974075769,11733.641773687461,False,13
