c1,c1_realised,risk_stress,area,liquidity,literacy,terrain,irrigation,adopt,used,effort,experience,loss,income,orthogonal,seed
0.4806102496214868,0.5059602496214868,0.02535,20.75769784004837,0.3576864809363118,0.417049324209704,plain,1,0,0,0.0,8,0.06316680707930836,15027.010941045379,True,11
0.7137547064494512,0.7391047064494511,0.02535,8.027666969264775,0.19414455593693677,0.2744031126329352,plain,1,0,0,0.0,6,0.061278296347187386,6749.742049413886,True,11
0.4969600185634704,0.5223100185634704,0.02535,32.32338481498619,0.45851112511852676,0.33358532783207007,plain,1,0,0,0.0,4,0.06317931613171815,26295.2241964695,True,11
0.6975510163164166,0.6975510163164166,0.0,9.803620778931979,0.7070842249943733,0.4321598045810312,plain,1,1,1,0.3333333333333333,8,0.056601487157095655,9771.403587865701,True,11
0.5724550249651464,0.5978050249651464,0.02535,11.413289738126396,0.5682385598566345,0.8086435211289391,plain,1,0,0,0.0,4,0.06317931413609286,8763.441885158007,True,11
0.8084142278596224,0.8337642278596223,0.02535,62.919860403120616,0.49533454527732607,0.725318638410704,plain,1,0,0,0.0,3,0.06282417991318302,51959.95026881916,True,11
0.4163976594125869,0.44174765941258687,0.02535,18.83666410898705,0.6165356669678626,0.30273273278291646,plain,0,0,0,0.0,5,0.07002204753518909,15089.843039193094,True,11
0.597705391575117,0.623055391575117,0.02535,23.168181834729186,0.24752526862067514,0.39376383601194836,plain,0,0,0,0.0,7,0.06700176070078791,16818.972670034393,True,11
0.5160961062915382,0.5414461062915382,0.02535,40.698550964397164,0.6949428276137452,0.3056336159491729,plain,1,1,1,0.4780243652327038,9,0.06283192350438348,29731.498204903863,True,11
0.8036567149265198,0.8036567149265198,0.0,9.604234808616122,0.39268608233034613,0.5018744853326375,plain,1,1,1,0.14938549261975065,2,0.05903045931318708,6830.042638819694,True,11
0.43766004675311276,0.46301004675311275,0.02535,11.105286995171094,0.7463802940759179,0.1835310912350845,plain,1,0,0,0.0,3,0.06316826934425779,9474.990810533967,True,11
0.6638499050096768,0.6891999050096768,0.02535,27.32397518245934,0.15824168208422443,0.4149080436494274,plain,1,1,1,0.14838240488231846,10,0.06296449652280624,22801.438737972596,True,11
0.6780215868510017,0.7033715868510017,0.02535,15.474322271249802,0.3757178133777868,0.6264557667593434,plain,1,0,0,0.0,9,0.06317141668446169,12483.853880616862,True,11
0.699826560256233,0.725176560256233,0.02535,26.58463824234266,0.5883795726942143,0.9295599935751551,plain,0,0,0,0.0,7,0.06983434865650472,18788.375221704417,True,11
0.646381516300672,0.671731516300672,0.02535,56.337309716737984,0.23758895651292816,0.853820479913306,plain,1,0,0,0.0,11,0.06297938680686108,41440.92903551536,True,11
0.8417706118735804,0.8417706118735804,0.0,54.912473595080655,0.2993861036612492,0.34770922309532226,plain,1,0,0,0.0,7,0.058888131257289256,40541.52069179761,True,11
0.7114732327569946,0.7368232327569946,0.02535,23.064245576874043,0.5037125620383598,0.3948008793958405,plain,0,0,0,0.0,6,0.07019520389941729,19409.93430929425,True,11
0.7308323492705344,0.7561823492705344,0.02535,11.132281788976774,0.26799007321733354,0.4968355098914207,plain,1,0,0,0.0,5,0.06317754824773189,8312.624479954382,True,11
0.49271801220545364,0.5180680122054536,0.02535,17.95369992873368,0.5105713614243355,0.5777642275324826,plain,1,0,0,0.0,5,0.06317940039945898,14861.319165203478,True,11
0.6049261635605594,0.6302761635605594,0.02535,37.818628250496005,0.7549606569018216,0.24227470744285068,plain,1,1,1,0.2654279406588347,9,0.0631754697934174,30538.47420996799,True,11
0.42446683620522885,0.44981683620522883,0.02535,21.63647557573455,0.3597746393103666,0.515514811113617,plain,0,1,1,0.3333333333333333,8,0.07016886918974503,14359.735180552254,True,11
0.5253994373667376,0.5253994373667376,0.0,14.79046443063853,0.2181440406627267,0.2659595223373899,plain,1,1,1,0.19640867526096228,5,0.0601845108637861,11730.971028130563,True,11
0.6947417845449593,0.7200917845449593,0.02535,41.03807566137088,0.3386865790789831,0.46738444193170664,plain,1,1,1,0.4812644888747058,12,0.0628151477680181,31204.183541993145,True,11
0.6164685822552013,0.6164685822552013,0.0,55.86855187821298,0.5623226627914157,0.3210887242873571,plain,1,1,1,0.14564976157275755,6,0.061183773421075414,38360.755736587955,True,11
0.5720616479492915,0.5720616479492915,0.0,14.572570456735384,0.5195970510908543,0.692942606838173,plain,1,0,0,0.0,7,0.05734399522976996,12966.26785346682,True,11
0.3327559944762809,0.3581059944762809,0.02535,16.411947849096084,0.33243300534067577,0.6239995488119896,plain,0,1,1,0.14213075050064994,4,0.0701971590450498,14743.852767641463,True,11
0.6483509549245513,0.6737009549245513,0.02535,101.77687670707529,0.46571876935702855,0.2800820181863535,plain,1,1,1,0.14671868570176486,7,0.06281200886144643,77365.07058471757,True,11
0.6952091236994387,0.7205591236994386,0.02535,33.065717672409086,0.44702345649272424,0.28508905350941416,plain,1,0,0,0.0,10,0.06314493642441354,28401.6855679764,True,11
0.5569671192678864,0.5823171192678864,0.02535,58.49492261879815,0.25019707820653186,0.37125521308369036,plain,1,0,0,0.0,11,0.0631473288360222,39853.37415129654,True,11
0.6602803212837718,0.6856303212837718,0.02535,10.134647052086398,0.7594145230351818,0.2961485836782253,plain,1,1,1,0.08090725425812464,6,0.06297088388834655,8145.57831880604,True,11
0.6017574482084852,0.6271074482084852,0.02535,33.52732386838532,0.42492438662222853,0.21470554029785516,plain,1,0,0,0.0,9,0.05998555198444348,26427.134318806242,True,11
0.42689749589600823,0.4522474958960082,0.02535,67.89010285428908,0.2225172894585218,0.4932241359569887,plain,1,1,1,0.07877691709649702,8,0.06317416665504227,45206.785141208245,True,11
0.29627200587089086,0.32162200587089085,0.02535,25.05727002979308,0.20715734478405157,0.32476044523992914,plain,1,1,1,0.07787368462733407,9,0.06298531306926655,18108.980790761,True,11
0.6525421278862401,0.6778921278862401,0.02535,17.938111908630063,0.09651659039523267,0.24497910286433056,plain,1,0,0,0.0,5,0.06315820059255593,14717.735598721407,True,11
0.7350505508364495,0.7350505508364495,0.0,10.32386699102759,0.5270776015768703,0.2540007983041338,plain,1,0,0,0.0,6,0.059132430685950574,8151.376571320975,True,11
0.44835235938453755,0.47370235938453753,0.02535,28.56386252691422,0.7204338624948765,0.27973488265808377,plain,1,0,0,0.0,11,0.06099778408933465,22207.276909738637,True,11
0.8349335805077865,0.8602835805077865,0.02535,57.43537610677694,0.5181268420128488,0.33488121561760037,plain,1,1,1,0.37803378155365763,10,0.0631455191678723,45118.83662888686,True,11
0.36595858483844734,0.3913085848384473,0.02535,49.681219182741394,0.3748088402994247,0.05249332016558814,plain,1,0,0,0.0,3,0.06317950339336441,36228.47904265689,True,11
0.40842499491017203,0.433774994910172,0.02535,49.40739268366671,0.5416722777663034,0.5437512580018791,plain,1,1,1,0.21296085215366145,9,0.06314263099780523,37979.67446633761,True,11
0.5666906819435688,0.5920406819435687,0.02535,19.920629235974516,0.4543220035367084,0.39004564535335334,plain,0,0,0,0.0,10,0.06999207760060262,15489.76722707399,True,11
0.45260644195300725,0.47795644195300724,0.02535,22.081042839664406,0.5489004821107598,0.3613431315948738,plain,1,1,1,0.41242029165799526,8,0.0631744617601476,19892.076088099064,True,11
0.42418349648547626,0.42418349648547626,0.0,20.13085247176702,0.13043356213122415,0.1894435839425847,plain,1,0,0,0.0,9,0.061053724308833254,17443.28337183745,True,11
0.8715084415656582,0.8715084415656582,0.0,13.949083267268756,0.6455748009944985,0.27492720552356564,plain,1,0,0,0.0,11,0.0610972576392525,13090.757124314961,True,11
0.5117218490214982,0.5370718490214982,0.02535,11.963798183962972,0.6598231701707685,0.3869865401941807,plain,1,0,0,0.0,5,0.06102810178203109,10176.519194635486,True,11
0.7936065671151201,0.8189565671151201,0.02535,56.12563134905947,0.02,0.3795423865392776,plain,1,1,0,0.0,5,0.06317950339336441,44283.835721545656,True,11
0.626844642064436,0.652194642064436,0.02535,37.49795485459426,0.19083996552834467,0.6362804673502285,plain,0,1,1,0.14750505346431156,12,0.060172233295197185,31999.03452287946,True,11
0.33162182300593956,0.33162182300593956,0.0,37.81632530322212,0.22934826596409982,0.7387865002312389,plain,1,0,0,0.0,7,0.06013175508857689,28937.69429960961,True,11
0.4183728852769436,0.4183728852769436,0.0,38.8112857388297,0.3274917221063786,0.5200833412503623,plain,1,1,1,0.07847014092338087,10,0.05810683224894712,31031.038438861036,True,11
0.6673145295003502,0.6926645295003502,0.02535,37.8391720043726,0.540735337144586,0.20316048122804664,plain,0,0,0,0.0,9,0.06399333318561776,30990.2924995781,True,11
0.8517352982236879,0.8517352982236879,0.0,21.22535709013539,0.4977503494735077,0.304060598352208,plain,1,0,0,0.0,8,0.06038535543423103,17506.547021895898,True,11
0.7985158144735827,0.8238658144735826,0.02535,10.750926010306074,0.17264453502325813,0.5508718937214674,plain,0,0,0,0.0,3,0.07019567222207393,9034.65234410837,True,11
0.7853208964102263,0.8106708964102263,0.02535,16.087782769781914,0.5792998611183697,0.7298466012577367,plain,1,1,0,0.0,5,0.06298559845320632,11333.700771065956,True,11
0.6494632183806661,0.6494632183806661,0.0,18.336456606489193,0.4261516457032527,0.12419936659809017,plain,1,1,1,0.30472632647917147,9,0.023999267039989457,15002.26002668404,True,11
0.3165299724842875,0.3165299724842875,0.0,18.83324992405154,0.7476502371991517,0.6631543555812076,plain,1,1,1,0.27165231804328,5,0.02414360736698882,15170.261811795848,True,11
0.5531219040379065,0.5531219040379065,0.0,16.36419798374329,0.3552766658750306,0.336312504220026,plain,1,0,0,0.0,6,0.025147925029140074,14666.883145560816,True,11
0.8221162131167776,0.8221162131167776,0.0,6.539447643914488,0.657473036295464,0.35723511130644015,plain,0,0,0,0.0,2,0.028927902298191893,5624.921788862595,True,11
0.5789343543477529,0.5789343543477529,0.0,5.191183876841457,0.29708740409656537,0.40627842852540197,plain,1,0,0,0.0,2,0.025147925029140074,4059.644891398827,True,11
0.49142635375567834,0.49142635375567834,0.0,12.696892848947336,0.1492345416528741,0.9456085405773911,plain,1,1,1,0.292937612623081,7,0.023772810964082132,10875.662283634336,True,11
0.6626731179703402,0.6626731179703402,0.0,23.60332551344926,0.9070102559442171,0.7352905786104558,plain,0,1,1,0.16900235136279662,10,0.028306132795331035,21865.719119445755,True,11
0.7654369081141498,0.7654369081141498,0.0,18.626738469793466,0.13915023247092426,0.2739729535825078,plain,1,1,1,0.3333333333333333,7,0.023723762425214838,17341.20521645344,True,11
0.6353636732249555,0.6353636732249555,0.0,8.966487203548306,0.24224633196164622,0.35673732617228787,plain,1,0,0,0.0,7,0.024987464256286698,7607.600520484259,True,11
0.4672498184941255,0.4672498184941255,0.0,22.3971022350969,0.11151535376229783,0.25617891166176443,plain,0,0,0,0.0,7,0.028936309360708033,18379.25353351687,True,11
0.6501557983267497,0.6501557983267497,0.0,9.371492754935504,0.5420742864294738,0.45994378914326606,plain,1,0,0,0.0,2,0.025163907808577385,7792.190672774146,True,11
0.4773545446164652,0.4773545446164652,0.0,31.671108359539808,0.4782653492345523,0.0955618031342635,plain,0,1,1,0.2865494827582222,4,0.02786763229281546,30502.0186010408,True,11
0.5722307325877887,0.5722307325877887,0.0,14.551794844962867,0.5299981387789271,0.23219136275680868,plain,1,0,0,0.0,3,0.024991388998011222,11943.816026023927,True,11
0.7296583301181344,0.7296583301181344,0.0,22.777388962943334,0.7819727819620323,0.2060870686293667,plain,1,1,1,0.3154246378787246,6,0.0239792026691782,18483.27963224688,True,11
0.5019151335218232,0.5019151335218232,0.0,7.3217249784095015,0.5903604359400388,0.1882876042834457,plain,1,0,0,0.0,1,0.025162740389083192,6329.787434647525,True,11
0.4531178147245578,0.4531178147245578,0.0,17.015390517636206,0.5229066438777521,0.21739804693302667,plain,0,1,1,0.28452182895582784,5,0.027859114193547307,12725.873429008625,True,11
0.7582533173805744,0.7582533173805744,0.0,37.690620991472244,0.24743616223230805,0.8346412211363938,plain,1,1,1,0.1810506558049941,10,0.022785707442824696,31626.15532643674,True,11
0.47314214261136756,0.47314214261136756,0.0,7.266345413211096,0.2278937472694586,0.30144760436263945,plain,1,0,0,0.0,3,0.025163907808577385,5746.386749356252,True,11
0.5567644233432683,0.5567644233432683,0.0,12.068731707528887,0.41709492113457064,0.8547403116263348,plain,0,1,1,0.16234605669020796,6,0.02680900979850017,10481.271236479648,True,11
0.6007586404672141,0.6007586404672141,0.0,26.561486916947334,0.5765748925296575,0.4046805316507369,plain,1,1,1,0.2998284201203409,11,0.020936200886693727,23556.288233012256,True,11
0.787336102231588,0.787336102231588,0.0,4.779607178367971,0.5288588053956907,0.457914959343949,plain,1,0,0,0.0,0,0.025163907808577385,4222.016491022473,True,11
0.7638497540354285,0.7638497540354285,0.0,5.878530808247299,0.360864952627155,0.1419645373143136,plain,1,0,0,0.0,2,0.025163605176387566,4258.2599127638405,True,11
0.6691320108798979,0.6691320108798979,0.0,17.15352476419582,0.283887522041746,0.14984229060165483,plain,1,0,0,0.0,9,0.0250203019856707,13353.707343845434,True,11
0.6557312205844239,0.6557312205844239,0.0,13.464138101542124,0.07341350305280513,0.029661858113824137,plain,0,0,0,0.0,2,0.0289438850776292,10581.07809207846,True,11
0.5390371907127555,0.5390371907127555,0.0,8.80489519945376,0.3738584118195192,0.3211911461823677,plain,1,0,0,0.0,5,0.025161472284196944,7592.75434215142,True,11
0.4522787515866483,0.4522787515866483,0.0,6.574167189657693,0.17529497848651895,0.47881474754754444,plain,1,0,0,0.0,0,0.025163907808577385,5837.317766989835,True,11
0.6175447870616773,0.6175447870616773,0.0,5.5989104035468635,0.18138114968066482,0.36399895610948346,plain,0,0,0,0.0,2,0.0289438850776292,4928.407356389056,True,11
0.8116791969237555,0.8116791969237555,0.0,10.809084879939132,0.6862874913271672,0.226795234274409,plain,1,0,0,0.0,1,0.025163907808577385,9145.529537226514,True,11
0.6574874756550935,0.6574874756550935,0.0,10.398970925315297,0.8554568828300271,0.3768698291248931,plain,1,0,0,0.0,4,0.025162372301784076,10518.60865731105,True,11
0.6948775215562538,0.6948775215562538,0.0,3.8793684919576057,0.5420401708190695,0.633566402524917,plain,1,0,0,0.0,1,0.025163907808577385,3406.5940881370334,True,11
0.5107537669065648,0.5107537669065648,0.0,7.693696853205502,0.43792272992998355,0.4147409128889574,plain,1,1,1,0.15991686781053024,2,0.024563275161597547,5985.2200412832835,True,11
0.6384528314524893,0.6384528314524893,0.0,10.065464306237514,0.3031175627775891,0.3884620696021174,plain,1,1,1,0.16759947956354435,7,0.024518437218248458,8784.265874513407,True,11
0.6000635809838142,0.6000635809838142,0.0,8.862779220974167,0.4027291090761643,0.1964056632095538,plain,1,0,0,0.0,2,0.02516362177509739,8411.851065716955,True,11
0.23374876441565742,0.23374876441565742,0.0,14.37496586107529,0.4294959256864372,0.4754657487587113,plain,1,0,0,0.0,5,0.025161957939295633,12232.071117878679,True,11
0.41963467408926614,0.41963467408926614,0.0,12.81512778088494,0.3279358040328738,0.4254052724148862,plain,0,0,0,0.0,6,0.028927902298191893,10574.732012967585,True,11
0.4822397778983758,0.4822397778983758,0.0,19.2305985397899,0.23122022020020738,0.27882242047886396,plain,0,1,1,0.1675120418129298,10,0.02674362790389157,17192.97127283937,True,11
0.6799779638988532,0.6799779638988532,0.0,30.493907818177412,0.3019840249217536,0.5640826374766807,plain,1,1,1,0.17650821243160922,7,0.022846452316747354,24070.464533882627,True,11
0.58593748563905,0.58593748563905,0.0,8.582301237839907,0.4062803989290243,0.4105355922489958,plain,1,0,0,0.0,0,0.025163907808577385,7065.904331095187,True,11
0.6704494333782879,0.6704494333782879,0.0,10.001472345856733,0.08252378042961506,0.4578820400355397,plain,1,0,0,0.0,2,0.025163907808577385,8258.754984823598,True,11
0.4572075951131812,0.4572075951131812,0.0,6.715495410982425,0.5907435894510451,0.6925974773738239,plain,1,0,0,0.0,4,0.025147925029140074,6261.546872971265,True,11
0.3239009189966857,0.3239009189966857,0.0,1.7240803687462174,0.07350501111411142,0.23930712874207583,hill,1,0,0,0.0,0,0.00849032658877296,1383.3892226027442,True,11
0.6168997019759072,0.6168997019759072,0.0,3.1438223087121124,0.366722231167964,0.303936665264694,hill,1,0,0,0.0,0,0.00849032658877296,2732.6211999204506,True,11
0.650135708702953,0.650135708702953,0.0,9.062423487220245,0.6453664510820171,0.4718483212074952,hill,0,0,0,0.0,5,0.01508160432145989,7925.674452494997,True,11
0.5702652066587184,0.5702652066587184,0.0,5.591398815635817,0.1971618673547631,0.47176330440374287,hill,1,0,0,0.0,1,0.00849032658877296,4465.317715845336,True,11
0.7815388158127694,0.7815388158127694,0.0,6.121357277990623,0.2405596504621597,0.5317331882229565,hill,0,0,0,0.0,1,0.015436957434132656,5436.231228034406,True,11
0.8552639125255868,0.8552639125255868,0.0,9.368202289946648,0.39302369111004054,0.45630858639527133,hill,1,1,1,0.12263222606188658,1,0.00849032658877296,8990.297982627138,True,11
0.744319036091444,0.744319036091444,0.0,4.142635088575759,0.6036882423932062,0.4190927746453536,hill,0,0,0,0.0,0,0.015436957434132656,3489.5159743485883,True,11
0.3815032337657581,0.3815032337657581,0.0,3.4874584232934884,0.7465817193323097,0.1280833065188147,hill,0,0,0,0.0,0,0.015436957434132656,2987.731543911718,True,11
0.6569848223240196,0.6569848223240196,0.0,6.130029431226309,0.5701704213876646,0.46393298503209507,hill,1,0,0,0.0,1,0.00849032658877296,5504.496452981547,True,11
0.7415205801094589,0.7415205801094589,0.0,8.54312291586272,0.15577806552144366,0.42352295703979026,hill,1,0,0,0.0,2,0.00849032658877296,6888.215897490127,True,11
0.5717156778371654,0.5717156778371654,0.0,3.1283133077557452,0.3159824410224654,0.5827281384062031,hill,0,0,0,0.0,0,0.015436957434132656,2763.5013084638244,True,11
0.6366409285604199,0.6366409285604199,0.0,11.89509465078351,0.5353181961094197,0.5446100763039544,hill,0,0,0,0.0,4,0.015436957434132656,10163.652449664867,True,11
0.5008005856702317,0.5008005856702317,0.0,8.971398508494776,0.11427698923292809,0.5418313294164967,hill,1,0,0,0.0,4,0.00849032658877296,7286.140776911477,True,11
0.7140967260267067,0.7140967260267067,0.0,7.418490030601583,0.7639090955244786,0.07436530288799334,hill,0,0,0,0.0,0,0.015436957434132656,7097.852682102259,True,11
0.6276794740368894,0.6276794740368894,0.0,2.6735253877206815,0.3438929015647548,0.37297535447998,hill,0,0,0,0.0,0,0.015436957434132656,2230.9803315944923,True,11
0.7150567811345929,0.7150567811345929,0.0,7.131616367254397,0.3180604369224944,0.44968787249668074,hill,0,0,0,0.0,2,0.015436957434132656,6003.082157795278,True,11
0.5599999645264228,0.5599999645264228,0.0,9.863397429753803,0.8355296082489486,0.18730214066530665,hill,0,0,0,0.0,1,0.015436957434132656,6666.42607116882,True,11
0.6004937196777823,0.6004937196777823,0.0,2.942841893084522,0.06425226827972295,0.6087557724699806,hill,0,0,0,0.0,0,0.015436957434132656,2468.3666196808745,True,11
0.6836743737020383,0.6836743737020383,0.0,9.672413321842814,0.04686785933096774,0.18060157270932659,hill,0,0,0,0.0,2,0.015436957434132656,8700.693997121303,True,11
0.7633775312228319,0.7633775312228319,0.0,8.38587217421016,0.2651696820088669,0.21259123630464768,hill,0,0,0,0.0,3,0.015408928405061903,6250.2644423107395,True,11
0.3997308396876835,0.3997308396876835,0.0,3.417888109422063,0.29976899914995203,0.4105932298935912,hill,0,0,0,0.0,0,0.015436957434132656,3155.0554837648497,True,11
0.6975777708326586,0.6975777708326586,0.0,15.717940578944054,0.7895929945776202,0.3470554277175627,hill,0,1,1,0.0925950523118344,4,0.015436957434132656,13703.529712902455,True,11
0.5703062697388628,0.5703062697388628,0.0,11.53810470527033,0.24646836829615798,0.44753024892595017,hill,0,0,0,0.0,4,0.015436957434132656,8996.483356969386,True,11
0.516085494459287,0.516085494459287,0.0,6.050275281687012,0.5378926990826455,0.7117435699289267,hill,0,0,0,0.0,1,0.015436957434132656,4401.127216719629,True,11
0.48803586261311394,0.48803586261311394,0.0,4.189948409772236,0.19496052863448063,0.3548552319376652,hill,1,0,0,0.0,0,0.00849032658877296,3727.459367859197,True,11
0.36254609736998644,0.36254609736998644,0.0,9.563467138070793,0.4542968891330292,0.11558420862257868,hill,0,1,1,0.18492399609886248,2,0.015436957434132656,6592.58995697884,True,11
0.7589728816648333,0.7589728816648333,0.0,9.639011011130647,0.3785487309148949,0.2338057621209148,hill,0,0,0,0.0,0,0.015436957434132656,8106.144528887274,True,11
0.7974474979344849,0.7974474979344849,0.0,4.297413989940314,0.39761327264760316,0.3268632078406777,hill,1,0,0,0.0,1,0.00849032658877296,3703.455853526936,True,11
0.499320695216508,0.499320695216508,0.0,8.834141954091963,0.09342202643857267,0.25796666635633736,hill,0,0,0,0.0,1,0.015436957434132656,7619.614235468618,True,11
0.4064284741982982,0.4064284741982982,0.0,3.3419834025893387,0.31608945606058036,0.1937435962663572,hill,0,0,0,0.0,0,0.015436957434132656,2812.255318845018,True,11
0.41651327265021976,0.41651327265021976,0.0,18.860992467967613,0.24330527930791065,0.3353123668482391,hill,0,0,0,0.0,3,0.015436957434132656,17373.278401627056,True,11
0.549683352047377,0.549683352047377,0.0,10.734512948322065,0.3482276704756911,0.5370904912555037,hill,1,0,0,0.0,2,0.008480684478643958,9333.054671050946,True,11
0.7425836471705095,0.7425836471705095,0.0,5.603745591927367,0.43210678872241337,0.4149366882004886,hill,0,0,0,0.0,1,0.015436957434132656,6019.263046861029,True,11
0.5536360780845943,0.5536360780845943,0.0,14.907090649851936,0.27324514621754753,0.23164294121464724,hill,1,0,0,0.0,0,0.00849032658877296,12714.362621768052,True,11
0.3317968731820251,0.3317968731820251,0.0,7.391174981008063,0.49525944341917316,0.6568019984138973,hill,1,0,0,0.0,5,0.008310032521798244,6243.3444365171645,True,11
0.6060766423663274,0.6060766423663274,0.0,12.103060255882188,0.188707082660413,0.6318987305733834,hill,0,0,0,0.0,3,0.015436957434132656,10241.276991111017,True,11
0.5788900288434999,0.5788900288434999,0.0,4.551467974855496,0.5208288314746199,0.46375189949666623,hill,1,0,0,0.0,0,0.00849032658877296,4174.855059844102,True,11
0.3029727291078227,0.3029727291078227,0.0,8.036245862991768,0.4786329657408089,0.7734028049030668,hill,0,0,0,0.0,0,0.015436957434132656,7177.228042688902,True,11
0.36132198122587933,0.36132198122587933,0.0,8.989558423929859,0.4560161550501019,0.42424335584784423,hill,1,0,0,0.0,1,0.00849032658877296,7605.842106478181,True,11
0.7367444779688296,0.7367444779688296,0.0,5.089088821182074,0.6312682437352608,0.5122355054296188,hill,1,0,0,0.0,0,0.00849032658877296,3896.7693167588427,True,11
0.7621949189334163,0.7621949189334163,0.0,4.549055262388952,0.2428925571446403,0.5260707115182693,hill,1,0,0,0.0,0,0.00849032658877296,3821.843551737062,True,11
0.6657460194998642,0.6657460194998642,0.0,4.5522754133603796,0.10286599083316166,0.20784601437655909,hill,0,0,0,0.0,0,0.015436957434132656,4170.1501363100215,True,11
0.4889220322078527,0.4889220322078527,0.0,4.784741417655518,0.1373029084775725,0.5855249029025588,hill,0,0,0,0.0,0,0.015436957434132656,4110.600553347879,True,11
0.46717906213898375,0.46717906213898375,0.0,10.43041331449672,0.5105210869371619,0.4869694751737039,hill,0,0,0,0.0,1,0.015213030723756665,8896.121611449324,True,11
0.6406057045833928,0.6406057045833928,0.0,2.062949968727995,0.46641634032421575,0.7012596834221902,hill,0,0,0,0.0,0,6.375546497883625e-05,1793.1477724531765,True,11
0.6157137190489231,0.6157137190489231,0.0,6.230612991260967,0.3420700931137384,0.5745299897930352,hill,1,0,0,0.0,1,5.69897628192493e-05,6304.324885437628,True,11
0.6476377514694343,0.6476377514694343,0.0,8.143709373860922,0.592721004463833,0.27362308209333075,hill,0,0,0,0.0,4,6.352578336078305e-05,7217.166166831395,True,11
0.341055652376673,0.341055652376673,0.0,2.347276679270179,0.18947622332183459,0.22151452929036256,hill,0,0,0,0.0,0,6.375546497883625e-05,1910.9707507656926,True,11
0.6669374842334858,0.6669374842334858,0.0,11.218912117923264,0.24098564813028475,0.46143996800450016,hill,1,0,0,0.0,6,6.36282027785395e-05,9441.014020036082,True,11
0.5862234453578525,0.5862234453578525,0.0,10.661646574483077,0.31914286079728676,0.38181259838174064,hill,1,0,0,0.0,1,6.375546497883625e-05,9653.736136908004,True,11
0.5433505906237321,0.5433505906237321,0.0,16.36885202465763,0.2857542911954133,0.3628450785152993,hill,0,0,0,0.0,4,6.127952432867693e-05,12684.93773322923,True,11
0.6094449425413536,0.6094449425413536,0.0,3.832851054251718,0.43532942865968244,0.23791362448154413,hill,0,0,0,0.0,0,6.375546497883625e-05,3121.2372241971193,True,11
0.5040998432450262,0.5040998432450262,0.0,4.772363138669241,0.08639737075994869,0.5313355866633741,hill,0,0,0,0.0,1,6.375546497883625e-05,3731.3672100213653,True,11
0.30149744070183093,0.30149744070183093,0.0,6.400329341715293,0.26259823461076676,0.5069250844173768,hill,0,0,0,0.0,0,6.375546497883625e-05,5652.817672171967,True,11
0.7898738498883519,0.7898738498883519,0.0,4.679312397357648,0.17763521010199032,0.05084024081805486,hill,0,0,0,0.0,0,6.375546497883625e-05,4666.005302964031,True,11
0.5976881084880996,0.5976881084880996,0.0,13.957487768481283,0.08516560004595983,0.4749685595870167,hill,0,0,0,0.0,3,6.0649215773893404e-05,9993.094851052756,True,11
0.6452768197510069,0.6452768197510069,0.0,14.161084302314048,0.2360556077452924,0.26793810512188243,hill,0,1,1,0.20229045855706504,2,6.375546497883625e-05,11522.890914570296,True,11
0.3478035480192451,0.3478035480192451,0.0,6.922189625024124,0.501585394517884,0.6798069447881533,hill,0,0,0,0.0,1,6.176712538125243e-05,6044.942703730746,True,11
0.6232698572221761,0.6232698572221761,0.0,5.725544610324771,0.2415125573352373,0.6510150634228267,hill,0,0,0,0.0,0,6.375546497883625e-05,4729.077029473747,True,11
0.22895586517086705,0.22895586517086705,0.0,5.573695005130251,0.6725551652234951,0.554052659090781,hill,1,0,0,0.0,1,6.375546497883625e-05,5450.500786189627,True,11
0.5972160520165332,0.5972160520165332,0.0,3.8489160817854495,0.35088586449013204,0.44914336246850745,hill,0,0,0,0.0,0,6.375546497883625e-05,3369.108435435588,True,11
0.5791422368878091,0.5791422368878091,0.0,3.4275787753366305,0.5976718427764888,0.6219394528276352,hill,1,0,0,0.0,0,6.375546497883625e-05,2983.9809877157977,True,11
0.7778046061702426,0.7778046061702426,0.0,10.674864818003586,0.22826220266597422,0.4997825279369861,hill,0,1,1,0.21407436971311547,8,5.876384614799218e-05,10500.322801624225,True,11
0.6513042398729856,0.6513042398729856,0.0,2.915834366237388,0.29269416792340375,0.3820998466782846,hill,0,0,0,0.0,0,6.375546497883625e-05,2623.638450601622,True,11
0.4750763549870439,0.4750763549870439,0.0,6.149700515457482,0.11185383080808704,0.5434140153068621,hill,0,0,0,0.0,0,6.375546497883625e-05,5041.560987552324,True,11
0.6661990409957456,0.6661990409957456,0.0,3.1113153751164986,0.21179396156890148,0.3486345835488215,hill,0,0,0,0.0,0,6.375546497883625e-05,2366.746574988526,True,11
0.4957108665925454,0.4957108665925454,0.0,2.0986906310614235,0.27550689360653474,0.5301272453623078,hill,1,0,0,0.0,0,6.375546497883625e-05,1880.9958919210562,True,11
0.37436810226277484,0.37436810226277484,0.0,2.434497831107802,0.2576348342024655,0.31155128635000506,hill,1,0,0,0.0,0,6.375546497883625e-05,2252.342877664466,True,11
0.5558935733079259,0.5558935733079259,0.0,2.2642855467186784,0.8491700785789053,0.3225964450541449,hill,1,0,0,0.0,0,6.375546497883625e-05,1918.7601338874817,True,11
0.8011311436790505,0.8011311436790505,0.0,9.631719881789678,0.23870186998220042,0.76423646667323,hill,0,1,1,0.21607687625162483,3,6.375546497883625e-05,9331.52152955032,True,11
0.39664764463285185,0.39664764463285185,0.0,9.413159209831031,0.18099100799589374,0.516476148375863,hill,1,0,0,0.0,2,6.354048112608513e-05,7718.092879182186,True,11
0.4979477708069737,0.4979477708069737,0.0,4.71338689773839,0.5854130671001343,0.43504871198705536,hill,1,0,0,0.0,0,6.375546497883625e-05,4158.769528820211,True,11
0.6767008168239487,0.6767008168239487,0.0,7.158431775810439,0.7747093237418591,0.19029900620195722,hill,0,0,0,0.0,0,6.375546497883625e-05,5953.135823443507,True,11
0.8199414083259043,0.8199414083259043,0.0,11.800408686425481,0.7404380645843509,0.4570403321731113,hill,0,0,0,0.0,2,6.350770703375733e-05,11302.538890334432,True,11
0.8709886938092042,0.8709886938092042,0.0,4.376709005481433,0.25589282907102145,0.4997471769326816,hill,0,0,0,0.0,0,6.375546497883625e-05,3216.1858148750966,True,11
0.5349110231924759,0.5349110231924759,0.0,14.508806633729655,0.7087554472932962,0.7992914941741893,hill,0,1,1,0.39081851291977027,8,6.363343721247727e-05,12038.578774813728,True,11
0.6386568931366406,0.6386568931366406,0.0,14.981593790872315,0.5931307047335276,0.2770448931205419,hill,1,1,1,0.160505399651511,8,0.0006184012803645447,12335.28198670346,True,11
0.7143218108611237,0.7143218108611237,0.0,3.0448569438755806,0.4612717193954691,0.24402682448634158,hill,0,0,0,0.0,0,0.0006240381789002898,2796.042236805438,True,11
0.6148486417574791,0.6148486417574791,0.0,14.796498574643943,0.27262969382972696,0.7203212545736464,hill,0,0,0,0.0,1,0.0006240381789002898,15681.314756676536,True,11
0.4332292661014814,0.4332292661014814,0.0,8.063535407522528,0.3021319116510937,0.3483715067172159,hill,0,0,0,0.0,1,0.0005954201687577369,7265.2391710059255,True,11
0.37367951129229116,0.37367951129229116,0.0,3.2718961004914657,0.26151589140070713,0.17184708899772277,hill,1,0,0,0.0,0,0.0006240381789002898,2819.6943797742083,True,11
0.7030260359411165,0.7030260359411165,0.0,3.3973805025801043,0.38633230812654024,0.36024018860167867,hill,0,0,0,0.0,0,0.0006240381789002898,2673.6701277961815,True,11
0.6348731398395904,0.6348731398395904,0.0,10.836064890462135,0.34090581659840463,0.5366282824277248,hill,0,0,0,0.0,3,0.0005954201687577369,9065.389273067169,True,11
0.6137250978630396,0.6137250978630396,0.0,2.1489594841840716,0.09635446697492378,0.27042057980538947,hill,0,0,0,0.0,0,0.0006240381789002898,2092.1973313660865,True,11
0.5954897319561554,0.5954897319561554,0.0,2.93142694022852,0.24029793639194574,0.21919978396591783,hill,1,0,0,0.0,0,0.0006240381789002898,2369.936766849497,True,11
0.3059168297211506,0.3059168297211506,0.0,0.947785892559395,0.39397272254636906,0.4185834766646637,hill,0,0,0,0.0,0,0.0006240381789002898,839.4975903023918,True,11
0.6889818813273395,0.6889818813273395,0.0,6.3561938200331,0.6428975960496981,0.6452441444234156,hill,1,0,0,0.0,1,0.0006240381789002898,6218.497464386195,True,11
0.8322830389107654,0.8322830389107654,0.0,2.3550705481357515,0.49967517007611234,0.22613588636869258,hill,1,0,0,0.0,0,0.0006240381789002898,2169.2123455508367,True,11
0.6184463378314374,0.6184463378314374,0.0,4.154596370036532,0.3408939110400056,0.5704270698312042,hill,0,0,0,0.0,0,0.0006240381789002898,3745.76229313003,True,11
0.6600123255686412,0.6600123255686412,0.0,4.239174593743198,0.4881135705518718,0.3720243141946479,hill,1,0,0,0.0,0,0.0006240381789002898,3879.3020195457334,True,11
0.8372436072852635,0.8372436072852635,0.0,3.123997630011152,0.36904118518420714,0.4549937563244989,hill,1,0,0,0.0,0,0.0006240381789002898,2498.511143848026,True,11
0.3678414535215726,0.3678414535215726,0.0,5.0774328569572535,0.3381555450793268,0.2726257453991717,hill,1,0,0,0.0,0,0.0006240381789002898,4351.985717325698,True,11
0.804563813309873,0.804563813309873,0.0,5.094126389274234,0.4591179827569973,0.4782325904615334,hill,0,0,0,0.0,0,0.0006240381789002898,4351.0554883752475,True,11
0.4803576201889921,0.4803576201889921,0.0,14.202932468343992,0.2297727823677375,0.28771886291882176,hill,0,1,1,0.3333333333333333,5,0.0006123338432724873,11454.933241464209,True,11
0.7398334395899323,0.7398334395899323,0.0,7.743954558821363,0.7137606344161165,0.2786262749760058,hill,0,0,0,0.0,3,0.0006240368400368937,6139.661633749617,True,11
0.5458870452152215,0.5458870452152215,0.0,3.276922736369297,0.36639664455437354,0.7008338744171361,hill,0,0,0,0.0,0,0.0006240381789002898,3051.74391405521,True,11
0.8095110132669304,0.8095110132669304,0.0,3.356787800611355,0.653771436033469,0.09930129435761001,mountain,1,0,0,0.0,0,0.021773970033332098,2757.6715841373725,True,11
0.6315179648366847,0.6315179648366847,0.0,8.867030623088677,0.2674449500505581,0.17527527737055706,mountain,0,0,0,0.0,0,0.03958903642424017,7435.323537929988,True,11
0.5004269755802944,0.5004269755802944,0.0,5.8224165705241155,0.34282292563490474,0.5670514567526228,mountain,0,0,0,0.0,0,0.03958903642424017,4607.560617591471,True,11
0.49229554375930284,0.49229554375930284,0.0,3.613951829731481,0.7486458414064837,0.2029208701128372,mountain,1,0,0,0.0,0,0.021773970033332098,2733.257691975953,True,11
0.7009930531130154,0.7009930531130154,0.0,2.868268218626975,0.5933187480363311,0.5247153374017997,mountain,0,0,0,0.0,0,0.03958903642424017,2254.7594331930604,True,11
0.5453879798693756,0.5453879798693756,0.0,2.4146483519245057,0.5852049005967997,0.170140892679701,mountain,1,0,0,0.0,0,0.021773970033332098,2394.981227981271,True,11
0.42629529235558405,0.42629529235558405,0.0,1.9849726344218726,0.5900094997732123,0.5610148084333271,mountain,0,0,0,0.0,0,0.03958903642424017,1677.897817305689,True,11
0.7141642225596779,0.7141642225596779,0.0,6.287864064427388,0.5386988303765687,0.3828574488533001,mountain,1,0,0,0.0,2,0.021773970033332098,5871.380367916317,True,11
0.8795179789999976,0.8795179789999976,0.0,1.2188929244446427,0.33800372811207396,0.1134558489135422,mountain,0,0,0,0.0,0,0.03958903642424017,942.3451588635377,True,11
0.5603467367267639,0.5603467367267639,0.0,3.7026774376468916,0.30113081450672935,0.7960171262095451,mountain,0,0,0,0.0,0,0.03958903642424017,3142.169573696189,True,11
0.3340072424171193,0.3340072424171193,0.0,0.5,0.3156118092984461,0.25133854074398104,mountain,0,0,0,0.0,0,0.03958903642424017,418.09272838197177,True,11
0.619918627363757,0.619918627363757,0.0,5.831570473958596,0.2775349269565975,0.8671004770428962,mountain,0,0,0,0.0,0,0.03958903642424017,5284.6991714295,True,11
0.5524352923457186,0.5524352923457186,0.0,11.965678891406721,0.3377331152656957,0.35892941580193755,plain,1,1,1,0.3333333333333333,2,0.06612179215224424,8981.192124343394,True,12
0.5885394847339384,0.5885394847339384,0.0,9.208920347427796,0.22643298246596202,0.16067662260159643,plain,1,1,1,0.3333333333333333,4,0.0658043036732682,8153.850709214904,True,12
0.6279081726572034,0.6279081726572034,0.0,39.24691828294058,0.7662024005769118,0.20611292074351673,plain,0,0,0,0.0,11,0.06412579306263948,29092.26391588325,True,12
0.23130692819834411,0.23130692819834411,0.0,18.01317299889533,0.7691745849747128,0.49118231902224835,plain,1,0,0,0.0,6,0.06369531332594602,13658.014580218927,True,12
0.5353468839107339,0.5353468839107339,0.0,45.23496481470772,0.02,0.6189244471173714,plain,1,0,0,0.0,6,0.0640817165993431,35206.11374256348,True,12
0.7895746164264587,0.7895746164264587,0.0,33.15181841332595,0.2087643555848413,0.8124750312241162,plain,1,1,1,0.628442145469409,6,0.06538599440842904,26657.055577812524,True,12
0.4755271571933082,0.4755271571933082,0.0,20.97832447182475,0.09723722560028085,0.37676293693502383,plain,1,0,0,0.0,8,0.06118729034337126,16805.501808098597,True,12
0.7187608515239237,0.7187608515239237,0.0,25.65768789301317,0.6390925727146706,0.34416890646246356,plain,1,0,0,0.0,2,0.06594055028564616,18463.143518504836,True,12
0.7300429599327389,0.7300429599327389,0.0,13.820979501205555,0.6171257541264887,0.3255205023133804,plain,1,0,0,0.0,5,0.06594998204269456,10841.102281374357,True,12
0.58717191062699,0.58717191062699,0.0,27.814556911482143,0.6150791957333688,0.7822722733965949,plain,1,0,0,0.0,11,0.05860004881414849,22417.607969600205,True,12
0.34543535040112183,0.34543535040112183,0.0,10.697268382183864,0.44443892119782547,0.21829533402436455,plain,1,0,0,0.0,2,0.06606210059789816,8406.664733371748,True,12
0.42349380962050076,0.42349380962050076,0.0,14.40269149526001,0.3267451735559478,0.6053706915104533,plain,1,0,0,0.0,1,0.0660756897869617,10389.60346915325,True,12
0.42817485829737256,0.42817485829737256,0.0,11.308125313555513,0.17882692333171224,0.14766775129444062,plain,0,0,0,0.0,1,0.0659616149578758,7377.156042684391,True,12
0.6352666414160907,0.6352666414160907,0.0,9.976481560436346,0.761028575796216,0.549328503744621,plain,1,0,0,0.0,6,0.06326998124999135,8958.216368430574,True,12
0.6902592614744971,0.6902592614744971,0.0,17.773795667764862,0.1837532211822595,0.10880212253413483,plain,1,0,0,0.0,3,0.06583730523886906,14050.399072798013,True,12
0.8052695218074211,0.8052695218074211,0.0,28.135888221302444,0.6018812411559111,0.3134647615453601,plain,1,1,1,0.49725476387453243,10,0.05924337402725923,23265.059420009777,True,12
0.6374611839906936,0.6374611839906936,0.0,17.738681728461835,0.14395640960552492,0.45223606403228417,plain,1,0,0,0.0,10,0.06164760860256906,11890.874191113971,True,12
0.49743328192074565,0.49743328192074565,0.0,56.2189837062044,0.40587662875364694,0.3785031653412917,plain,1,1,1,0.18333333333333335,6,0.06411945643804426,49005.584855155095,True,12
0.6401636601684839,0.6401636601684839,0.0,123.41283367547224,0.6598930184358401,0.5711177198600027,plain,1,1,1,0.18333333333333335,7,0.0656375729145299,105082.09198867553,True,12
0.44215266745181503,0.44215266745181503,0.0,20.867174978740383,0.2845558245395101,0.25831218160416,plain,1,1,1,0.18333333333333335,7,0.06537733615592566,14788.478513959428,True,12
0.5823146797238961,0.5823146797238961,0.0,15.99853527123471,0.3233068077444712,0.5629375429707684,plain,1,1,1,0.18333333333333335,5,0.06132417371508857,9539.460173936433,True,12
0.6376048173184179,0.6376048173184179,0.0,7.901604523932389,0.17984793262375692,0.4536344774887693,plain,1,0,0,0.0,1,0.0660361403767046,5939.957890881924,True,12
0.692434695558544,0.692434695558544,0.0,23.177541373317094,0.7768900750049305,0.5257651377456999,plain,1,1,1,0.2774682649478076,13,0.05490214045259532,18958.494968809715,True,12
0.4004707660334055,0.4004707660334055,0.0,10.423255520518735,0.8163830433318076,0.5183197792894338,plain,0,1,1,0.2543683676041426,6,0.06276356036342168,7621.483597645978,True,12
0.2990794705562486,0.2990794705562486,0.0,11.620149953748111,0.6175395087920057,0.05355567001524633,plain,1,1,1,0.3333333333333333,2,0.06612021995927425,8525.246345415853,True,12
0.5067608880800498,0.5067608880800498,0.0,52.55298346244447,0.6988045853928048,0.676170404841457,plain,1,0,0,0.0,6,0.06527985891904556,34490.89014441425,True,12
0.44404474611173617,0.44404474611173617,0.0,16.296897312320507,0.17912037794222718,0.3367764160829629,plain,1,0,0,0.0,8,0.06041984009326986,12887.770229531661,True,12
0.6982449362400014,0.6982449362400014,0.0,9.293924474390536,0.8834408285312093,0.48214459700534507,plain,1,0,0,0.0,4,0.065094248343916,8274.018795341846,True,12
0.6176682351766996,0.6176682351766996,0.0,28.210665787910276,0.10825258707072022,0.37724845940277174,plain,1,1,1,0.3333333333333333,7,0.05992373418136907,23619.530757199427,True,12
0.7942926764147383,0.7942926764147383,0.0,18.293283418215186,0.328164996746813,0.36718213438278463,plain,1,1,1,0.1792157084772851,8,0.06260180680614905,16003.57328492131,True,12
0.5599390100203299,0.5599390100203299,0.0,23.371006531578782,0.5333923857901461,0.14919520699170127,plain,1,1,1,0.3333333333333333,5,0.06559020642085088,20519.583254066903,True,12
0.7217383519062522,0.7217383519062522,0.0,14.014793452469002,0.11320872978819706,0.471707831029897,plain,1,0,0,0.0,7,0.06517483682425643,10020.461403936491,True,12
0.8185242316333,0.8185242316333,0.0,20.128031424301838,0.13124083083035828,0.4969834457319086,plain,1,0,0,0.0,9,0.062410446010022026,17258.531950653683,True,12
0.7463176045344764,0.7463176045344764,0.0,31.042360540196785,0.5628265207443315,0.8577767997459187,plain,1,1,1,0.09666939358821396,9,0.06091458422945315,25355.93762099038,True,12
0.5820793667546653,0.5820793667546653,0.0,21.17822638504173,0.4134241179168481,0.263758189884594,plain,1,1,1,0.3333333333333333,11,0.05601976149680262,18532.312749982895,True,12
0.8107926650028828,0.8107926650028828,0.0,34.39831188579515,0.7350288253188239,0.6852748921106036,plain,1,1,1,0.3333333333333333,9,0.05763789975824692,24256.79129684042,True,12
0.6266045990836699,0.6266045990836699,0.0,15.73113660688653,0.45564802708919866,0.5792043370592306,plain,1,1,1,0.3333333333333333,9,0.06342840746387216,11687.354420603147,True,12
0.7558777253243185,0.7558777253243185,0.0,10.964647716765583,0.5464981563659823,0.834096086388471,plain,1,0,0,0.0,8,0.06258829532237958,7732.038342415372,True,12
0.5796494801620578,0.5796494801620578,0.0,16.41625423620743,0.19312629560584757,0.43582195883238123,plain,0,0,0,0.0,5,0.06580133166097159,12851.197840935052,True,12
0.5876733812114238,0.5876733812114238,0.0,13.442316474098106,0.14578678693585306,0.38280958241252366,plain,1,0,0,0.0,7,0.06380029379149343,11810.677412496134,True,12
0.32569602259728,0.32569602259728,0.0,15.250116949431163,0.10453684091154092,0.3791548692566027,plain,1,1,1,0.5804661696185353,13,0.055940386118642035,12064.250145130918,True,12
0.37042380190148827,0.37042380190148827,0.0,37.68088747174396,0.5818986251727613,0.6701312072904054,plain,1,0,0,0.0,5,0.06581739335586392,32182.326042229553,True,12
0.36546019672171304,0.36546019672171304,0.0,18.39555023212937,0.5102727198660565,0.7706074070183195,plain,1,1,1,0.44014952035320626,10,0.06003346221715254,15766.85339511332,True,12
0.5213625485538431,0.5213625485538431,0.0,55.71300038046578,0.4585708131601852,0.573852354414947,plain,1,1,1,0.16619898291778198,7,0.06593280339727776,44253.28935302786,True,12
0.6509327889820454,0.6509327889820454,0.0,16.569281721290583,0.09121066922077237,0.5454674741038412,plain,1,1,1,0.3333333333333333,13,0.0593668669980099,12341.430168103223,True,12
0.7824539310510777,0.7824539310510777,0.0,18.243560390639068,0.3603115364929264,0.3985074964722477,plain,1,0,0,0.0,5,0.06597688054429239,14858.081102724416,True,12
0.8129258346856041,0.8129258346856041,0.0,28.68143273621857,0.30846474968709325,0.2796341987826161,plain,1,0,0,0.0,11,0.06464216044841409,21282.756415315427,True,12
0.6161413856827562,0.6161413856827562,0.0,17.403909889893495,0.18621100180366798,0.5104850923072234,plain,1,1,1,0.3333333333333333,13,0.057978379524956825,14352.720527634257,True,12
0.46818248118519457,0.46818248118519457,0.0,9.834998532238064,0.26517424356419567,0.6064441651572554,plain,0,0,0,0.0,4,0.06594951102818941,9254.730886351572,True,12
0.4805367887257308,0.4805367887257308,0.0,16.0242746796972,0.22123025527905416,0.44420322739331664,plain,1,0,0,0.0,2,0.06297918694556078,12404.132196252927,True,12
0.564446930419654,0.564446930419654,0.0,17.072203709751058,0.17685268067945825,0.8781039402154276,plain,1,1,1,0.2808652086368449,6,0.06585999428339392,13677.429698006908,True,12
0.6300534230319833,0.6300534230319833,0.0,22.3509368126827,0.6825591861257673,0.36749107260868114,plain,1,0,0,0.0,6,0.06588638733718033,17444.260694478293,True,12
0.5153209111253303,0.5153209111253303,0.0,8.38671367666572,0.1554990201758379,0.3515001385382146,plain,1,0,0,0.0,5,0.03950018744200414,7327.676622455382,True,12
0.7273475141463049,0.7273475141463049,0.0,7.5843078412387985,0.14187657727735603,0.6349589434002867,plain,1,1,1,0.3333333333333333,5,0.04548051823392305,6692.549043295103,True,12
0.8625084559023993,0.8625084559023993,0.0,8.513008089090405,0.6474308677737295,0.21616343173152175,plain,0,0,0,0.0,6,0.04635891177536145,7087.988329357145,True,12
0.4821695778541343,0.4821695778541343,0.0,8.086308016047758,0.0780612938891778,0.23129369484975115,plain,1,0,0,0.0,5,0.04237411404639037,7215.87720064238,True,12
0.5788569057295692,0.5788569057295692,0.0,22.598004767526614,0.526906031772617,0.07884873369009784,plain,0,0,0,0.0,5,0.046216791252246765,17439.44867230289,True,12
0.62762242755639,0.62762242755639,0.0,28.451236060342502,0.24539110646870646,0.35443495042623807,plain,1,1,1,0.3333333333333333,6,0.04601891350971381,24174.740800349486,True,12
0.3541399533022759,0.3541399533022759,0.0,16.52333927475251,0.3031778510602854,0.377665143340944,plain,1,0,0,0.0,4,0.046160152101966515,12250.462437795459,True,12
0.5310149998984778,0.5310149998984778,0.0,20.421589845737252,0.33387224783100833,0.455777737681875,plain,1,0,0,0.0,6,0.04185842787093512,14563.962305944693,True,12
0.5539972821891519,0.5539972821891519,0.0,18.1380417503121,0.1920324776090572,0.3779355384039674,plain,1,0,0,0.0,8,0.04535320532294883,14002.855157817952,True,12
0.5771224452845718,0.5771224452845718,0.0,18.557147948259065,0.5660520518912291,0.4135459097871673,plain,1,0,0,0.0,4,0.04630594160454265,13934.89265750367,True,12
0.5900382174202471,0.5900382174202471,0.0,25.896789489147025,0.3430001255275505,0.6497133574861785,plain,1,0,0,0.0,7,0.03958738699598331,20558.292612345303,True,12
0.7245158877299429,0.7245158877299429,0.0,14.36174853127793,0.2118679335434257,0.422732011524584,plain,1,1,1,0.3333333333333333,7,0.046092524830612866,11528.156838630466,True,12
0.7332155894712034,0.7332155894712034,0.0,13.198104193288168,0.4849746891510934,0.36705470572399473,plain,1,0,0,0.0,5,0.04564197032054565,10011.31993094707,True,12
0.6232539420128306,0.6232539420128306,0.0,17.10864630665025,0.45159364675620445,0.3614260873269517,plain,1,1,1,0.3333333333333333,9,0.03630829227522414,15169.784883032286,True,12
0.6672335924082254,0.6672335924082254,0.0,6.89069388489957,0.48463411116479,0.2408482090900743,plain,1,0,0,0.0,1,0.045808128344034305,4857.4875303298,True,12
0.6868652073973656,0.6868652073973656,0.0,38.050532250468414,0.4910760648287929,0.6280582381103816,plain,0,1,1,0.3333333333333333,12,0.04485713659493373,28351.38630286442,True,12
0.5848895979811218,0.5848895979811218,0.0,15.861934246006621,0.2344277130419109,0.49903142515397986,plain,0,0,0,0.0,8,0.043773074092760066,14000.939707151561,True,12
0.6695752820494169,0.6695752820494169,0.0,15.833786536825022,0.17855904265694725,0.6745059142027217,plain,1,0,0,0.0,8,0.04132277566487249,12475.248866514288,True,12
0.4197028002977343,0.4197028002977343,0.0,12.091107891224928,0.624802752747149,0.34838372840936577,plain,1,0,0,0.0,5,0.040039256611208315,10978.719166450917,True,12
0.6380200523039962,0.6380200523039962,0.0,34.52332300818101,0.6111686073951207,0.7717807300732924,plain,1,1,1,0.18333333333333335,10,0.04537937191487101,32937.664029544656,True,12
0.417537922755009,0.417537922755009,0.0,63.437975332613995,0.5800175698622647,0.24239719614752658,plain,1,1,1,0.27404023753116014,7,0.046081432213666826,50441.73327593191,True,12
0.6377825537464729,0.6377825537464729,0.0,7.072050916086497,0.5000475576560682,0.5827240946893694,plain,1,0,0,0.0,0,0.046528460562647034,4937.853795378648,True,12
0.6162354031389535,0.6162354031389535,0.0,5.257785923844078,0.5013514761307514,0.5706753865495029,plain,1,0,0,0.0,1,0.046528460562647034,4582.888335564958,True,12
0.33277952366387475,0.33277952366387475,0.0,7.423710892489789,0.8025857960939827,0.6320568038835122,plain,0,0,0,0.0,6,0.04090838494328714,5813.025560476352,True,12
0.31981749172808815,0.31981749172808815,0.0,19.27575100208033,0.6921332546891529,0.40973326125575243,plain,0,1,1,0.3333333333333333,8,0.04541296394391779,14666.367035735975,True,12
0.44515354639432503,0.44515354639432503,0.0,14.096955579412004,0.065639789403379,0.6629145606722038,plain,1,0,0,0.0,6,0.04636796983527917,11205.904931233435,True,12
0.68686687088387,0.68686687088387,0.0,7.573549946787135,0.8344561629848359,0.4768234798141672,plain,0,0,0,0.0,2,0.04634419350412765,6562.3485803913645,True,12
0.6976772393855151,0.6976772393855151,0.0,40.83438570976571,0.2185187672561907,0.26117659113399294,plain,0,1,1,0.3333333333333333,6,0.04555606951808992,30690.839816111507,True,12
0.6373233913465174,0.6373233913465174,0.0,16.179291175601808,0.15936755070947708,0.7019991457298183,plain,1,1,1,0.5166666666666667,12,0.037516601220308775,12405.967087643028,True,12
0.6173047358383216,0.6173047358383216,0.0,28.35859472217413,0.5907965057511415,0.3426443095648388,plain,1,0,0,0.0,6,0.04336927524184318,26625.046740698337,True,12
0.5507818147471726,0.5507818147471726,0.0,4.7045330896122595,0.8325960010169231,0.37213986865998655,plain,1,0,0,0.0,0,0.046528460562647034,3835.04880523865,True,12
0.7049598489576204,0.7049598489576204,0.0,12.032873299062242,0.8095330611968958,0.4397152661141424,plain,1,1,1,0.3333333333333333,7,0.0459288148151002,9566.438425247106,True,12
0.7162467568852195,0.7162467568852195,0.0,4.023960421301773,0.16418781120833967,0.5395522430695996,plain,1,0,0,0.0,1,0.046528460562647034,3497.510063485656,True,12
0.8647897329210054,0.8647897329210054,0.0,11.865711519947835,0.42992970366890243,0.49411210053667864,plain,0,0,0,0.0,1,0.046321535117713294,10145.253470032607,True,12
0.5695543742825473,0.5695543742825473,0.0,19.030758918531536,0.5886762266463181,0.43472996334401165,plain,1,1,1,0.1741084200162791,5,0.03985370486597381,14312.142060809929,True,12
0.6683396655163527,0.6683396655163527,0.0,19.753402763185843,0.26352120588767086,0.40458389893205876,plain,0,0,0,0.0,8,0.042328106430948156,16337.087410363576,True,12
0.3971410040860125,0.3971410040860125,0.0,9.259185306773842,0.5141818911078295,0.44026820318835175,plain,1,0,0,0.0,3,0.04569969112161407,7321.313516594964,True,12
0.3760682126842133,0.3760682126842133,0.0,5.442908803092437,0.8186278081726654,0.5128103690670127,plain,1,0,0,0.0,0,0.046528460562647034,4384.711969330235,True,12
0.700753752607718,0.700753752607718,0.0,19.223445649925214,0.5847634159557685,0.11512965156207533,plain,0,0,0,0.0,2,0.045808128344034305,15306.217906458847,True,12
0.8100522440119502,0.8100522440119502,0.0,10.69005515764509,0.18714727330021322,0.2768803505025118,plain,1,0,0,0.0,6,0.045667233484844985,8660.596521043411,True,12
0.6858480718077946,0.6858480718077946,0.0,3.446293660560495,0.37446176253636426,0.48298362011957724,hill,0,0,0,0.0,0,0.0027823836191608426,2998.8504950072825,True,12
0.35428929215492044,0.35428929215492044,0.0,3.9324353661446594,0.4933324125782153,0.32446670472017636,hill,0,0,0,0.0,1,0.0027823836191608426,2864.941451956136,True,12
0.4581974650658279,0.4581974650658279,0.0,3.4533579665165828,0.7461573951679403,0.4864971709097732,hill,0,0,0,0.0,0,0.0027823836191608426,2877.7203002382184,True,12
0.668827454118066,0.668827454118066,0.0,6.308758935742531,0.3890830840920122,0.28255204361996145,hill,0,0,0,0.0,1,0.0027823836191608426,5470.559158916408,True,12
0.5480680050286661,0.5480680050286661,0.0,3.4703862541558133,0.3571868607542598,0.3606992405787403,hill,0,0,0,0.0,0,0.0027823836191608426,3129.3209791462164,True,12
0.6932086360874372,0.6932086360874372,0.0,4.6708590697366725,0.23923389421199437,0.3857394373362561,hill,0,0,0,0.0,0,0.0027823836191608426,4376.340485507657,True,12
0.6839407258514762,0.6839407258514762,0.0,1.336780706102249,0.047513015711011526,0.2701130494078994,hill,1,0,0,0.0,0,0.0023719078140269894,1117.9358240163976,True,12
0.6197261232687853,0.6197261232687853,0.0,5.321885905123252,0.40971014282247975,0.30799990679324396,hill,0,0,0,0.0,0,0.0027823836191608426,3850.0946561522424,True,12
0.5437802609647245,0.5437802609647245,0.0,4.123253142132091,0.5028724806064895,0.6399031215671434,hill,1,0,0,0.0,1,0.0023719078140269894,3627.958056275131,True,12
0.5599707756044203,0.5599707756044203,0.0,3.079951478313332,0.38422466401906297,0.39602417279534075,hill,1,0,0,0.0,0,0.0023719078140269894,2585.557937909062,True,12
0.4908831462856469,0.4908831462856469,0.0,4.753866361805756,0.08832227896950064,0.4097739100193084,hill,1,0,0,0.0,0,0.0023719078140269894,4173.596179262341,True,12
0.6061373799108892,0.6061373799108892,0.0,5.722218919134837,0.5230556339230281,0.24859293508022817,hill,0,0,0,0.0,0,0.0027823836191608426,4756.093365053843,True,12
0.3158750729383125,0.3158750729383125,0.0,4.445646749863676,0.31275708498828386,0.14593949035363252,hill,0,0,0,0.0,0,0.0027823836191608426,4145.439089483382,True,12
0.775457230115549,0.775457230115549,0.0,7.289515173589519,0.3359712598449507,0.41364985014103406,hill,0,0,0,0.0,1,0.0027823836191608426,7203.916050869777,True,12
0.8011423126144763,0.8011423126144763,0.0,6.594338116894782,0.48173295043841424,0.5292925706598085,hill,0,0,0,0.0,1,0.0027823836191608426,5577.845456988272,True,12
0.4176479239578811,0.4176479239578811,0.0,8.305058092804217,0.4935403202620242,0.19194437740406137,hill,1,0,0,0.0,0,0.0023719078140269894,7896.792863606444,True,12
0.3782605120247535,0.3782605120247535,0.0,4.532085325147644,0.7322719579929747,0.5108568517869869,hill,0,0,0,0.0,0,0.0027823836191608426,3994.3851041916614,True,12
0.7270072405465198,0.7270072405465198,0.0,3.065598095841524,0.3673726150091464,0.7899574262272175,hill,0,0,0,0.0,0,0.0027823836191608426,2205.784665085842,True,12
0.7079334197579615,0.7079334197579615,0.0,7.311245725005688,0.563693890594725,0.30060926515817554,hill,0,0,0,0.0,1,0.002707208905485372,6528.654338157238,True,12
0.7060161089490871,0.7060161089490871,0.0,10.945358001323985,0.3934557852343964,0.36306092612394,hill,1,0,0,0.0,3,0.00224265903673476,10816.842932639787,True,12
0.8340921342798739,0.8340921342798739,0.0,2.8678247850325644,0.4312758992544513,0.5706850108892286,hill,1,0,0,0.0,0,0.0023719078140269894,2813.3733658227534,True,12
0.5911353752039814,0.5911353752039814,0.0,10.655021214669741,0.4437917426164762,0.7600787249768901,hill,0,0,0,0.0,2,0.0027823836191608426,9433.70548851329,True,12
0.5396285319005638,0.5396285319005638,0.0,11.254211700299097,0.3847079855959453,0.18144457883707224,hill,1,1,1,0.3333333333333333,3,0.0023719078140269894,9250.360880424558,True,12
0.40722903429407,0.40722903429407,0.0,4.738915063496166,0.42365836177473476,0.08507680865901404,hill,1,0,0,0.0,0,0.0023719078140269894,3707.83350887367,True,12
0.8144513099381693,0.8144513099381693,0.0,4.2346465841861285,0.18750070202285388,0.35783434013561366,hill,1,0,0,0.0,0,0.0023719078140269894,4047.906921629241,True,12
0.5079674253521884,0.5079674253521884,0.0,4.027745829721695,0.527315221052431,0.7303451380098794,hill,0,0,0,0.0,0,0.0027823836191608426,3168.1060326046327,True,12
0.3738093955392604,0.3738093955392604,0.0,8.28669236446368,0.2584486533297857,0.8063986686827354,hill,0,0,0,0.0,4,0.0027823836191608426,7514.519606076299,True,12
0.4868566789287886,0.4868566789287886,0.0,7.72606215004077,0.34718083378177333,0.4932733581312747,hill,1,1,1,0.3333333333333333,2,0.0023719078140269894,6143.182618351106,True,12
0.7727841788042585,0.7727841788042585,0.0,1.509122336963008,0.3323988139844423,0.05413262594074064,hill,0,0,0,0.0,0,0.0027823836191608426,1209.715851570802,True,12
0.527434596173303,0.527434596173303,0.0,5.180575557903602,0.6359835067296432,0.30254447592180334,hill,1,0,0,0.0,0,0.0023719078140269894,4411.6229023141805,True,12
0.5063848735965502,0.5063848735965502,0.0,5.357118725751829,0.8122063180141645,0.9559443892959216,hill,0,0,0,0.0,0,0.0027823836191608426,4669.181977691992,True,12
0.5265901692829292,0.5265901692829292,0.0,12.572337286950766,0.4611249250223698,0.5167811216435274,hill,0,1,1,0.17058574000781646,6,0.0027823836191608426,10769.988780097106,True,12
0.4988760309567968,0.4988760309567968,0.0,1.326228318509692,0.47169237811482106,0.36431833187320967,hill,0,0,0,0.0,0,0.0027823836191608426,1015.9570309099396,True,12
0.8718102223342244,0.8718102223342244,0.0,3.3114617377666624,0.15655171853213068,0.33231989253533584,hill,0,0,0,0.0,0,0.0027823836191608426,3052.3076385310133,True,12
0.5217987088236175,0.5217987088236175,0.0,5.282834291254098,0.37351271903460764,0.34939617799259115,hill,1,0,0,0.0,0,0.0023719078140269894,4833.758348651533,True,12
0.7746920662461944,0.7746920662461944,0.0,5.022396593493191,0.14465111846814047,0.6401514987478246,hill,1,0,0,0.0,1,0.0023719078140269894,4381.012218527189,True,12
0.6020956859217426,0.6020956859217426,0.0,5.628455866880467,0.390936475431149,0.4223093355218654,hill,1,0,0,0.0,0,0.0023719078140269894,5730.895639414538,True,12
0.5549570310765236,0.5549570310765236,0.0,5.6062128380760745,0.3502851739551572,0.26033305510888893,hill,0,0,0,0.0,1,0.0027823836191608426,5099.645153521563,True,12
0.5453301903116908,0.5453301903116908,0.0,6.998173074426281,0.16595750192839692,0.39079539657087803,hill,0,0,0,0.0,5,0.002742327640217019,5667.045730137788,True,12
0.6962303611724224,0.6962303611724224,0.0,18.002660361825285,0.269315767342392,0.43834980669973606,hill,1,1,1,0.18333333333333335,8,0.0016923204623644366,15874.069202771876,True,12
0.6827124667968749,0.6827124667968749,0.0,2.664097491571877,0.1349422858638874,0.5509705716977287,hill,0,0,0,0.0,0,0.0027823836191608426,2296.0225707147465,True,12
0.5104261957925502,0.5104261957925502,0.0,9.241482355338041,0.6034740120365039,0.519031947848212,hill,1,0,0,0.0,5,0.002037465420535324,9232.389649855399,True,12
0.5110894951271524,0.5110894951271524,0.0,8.277675442554422,0.4666846392806322,0.37652209028419736,hill,0,1,1,0.18333333333333335,4,0.0023392398018367714,7399.576159964585,True,12
0.4045943935436329,0.4045943935436329,0.0,6.199308210007847,0.19695699259115185,0.29104644809698305,hill,0,0,0,0.0,0,0.0027823836191608426,6135.5164795606,True,12
0.5751055947301301,0.5751055947301301,0.0,5.916561606227491,0.7033855529463118,0.5783742282796194,hill,0,0,0,0.0,0,0.09922207441485578,4119.761858617275,True,12
0.7907072907895787,0.7907072907895787,0.0,4.404764345035539,0.22231955704924952,0.28426417055138353,hill,0,0,0,0.0,0,0.09922207441485578,3296.4108084269988,True,12
0.622715376386168,0.622715376386168,0.0,7.192554021204644,0.5682731467622943,0.4693965872464435,hill,0,0,0,0.0,0,0.09922207441485578,4672.166099499969,True,12
0.6136714400751337,0.6136714400751337,0.0,6.326153123104698,0.1972116159084848,0.3485668973938397,hill,0,0,0,0.0,0,0.09922207441485578,4806.103673119659,True,12
0.7194303571633776,0.7194303571633776,0.0,5.85493174516294,0.34655230770024936,0.3846260479581093,hill,1,0,0,0.0,0,0.0889180461841271,4224.393566086299,True,12
0.30221912997096445,0.30221912997096445,0.0,5.3187692463827885,0.05235826111148681,0.41287462985936113,hill,0,0,0,0.0,0,0.09922207441485578,4197.023780195517,True,12
0.6175093276573744,0.6175093276573744,0.0,2.4652920694187865,0.4214110116086424,0.30653005880278084,hill,0,0,0,0.0,0,0.09922207441485578,1793.3124841442655,True,12
0.5756907149681949,0.5756907149681949,0.0,2.854135358359336,0.8627206845674219,0.06666496772644238,hill,0,0,0,0.0,0,0.09922207441485578,2343.6278234116307,True,12
0.3811631652618832,0.3811631652618832,0.0,2.6385041861422063,0.5907186452814158,0.7129806014371691,hill,0,0,0,0.0,0,0.09922207441485578,2010.2910632274222,True,12
0.6744716554349929,0.6744716554349929,0.0,6.914596898234045,0.4237097710373449,0.4659091194963724,hill,0,0,0,0.0,0,0.09922207441485578,5149.054037676313,True,12
0.5960313043197113,0.5960313043197113,0.0,13.264384162513824,0.3253530790549091,0.306495302780507,hill,0,0,0,0.0,5,0.09917684018543815,11436.25894525117,True,12
0.8339757170358694,0.8339757170358694,0.0,4.064406538410768,0.6203957504214201,0.6607344733984802,hill,0,0,0,0.0,0,0.09922207441485578,3003.1029028913176,True,12
0.710761661061319,0.710761661061319,0.0,4.077502195957575,0.5917300025722733,0.15432722903439913,hill,0,0,0,0.0,0,0.09922207441485578,2811.9707392961245,True,12
0.5320933209496104,0.5320933209496104,0.0,5.972984027197805,0.2230088550655111,0.465070857258914,hill,0,0,0,0.0,1,0.09922207441485578,3908.441426882821,True,12
0.2715395540745251,0.2715395540745251,0.0,4.182690592851994,0.5581644187703098,0.2459710737248802,hill,0,0,0,0.0,0,0.09922207441485578,2967.4796177149196,True,12
0.6060148850514517,0.6060148850514517,0.0,5.227912894352633,0.1511121347018593,0.28255678219709135,hill,0,0,0,0.0,0,0.09922207441485578,3696.8431019586997,True,12
0.41597226430094014,0.41597226430094014,0.0,4.598152513027818,0.4783498647488866,0.33736968789803645,hill,1,0,0,0.0,0,0.0889180461841271,3977.1218880871515,True,12
0.39740006474149625,0.39740006474149625,0.0,15.831185106305801,0.18715938455829387,0.2116505705318879,hill,1,0,0,0.0,5,0.08891652492710506,13300.641513647013,True,12
0.2250038525657228,0.2250038525657228,0.0,2.595632782057317,0.4551554666299509,0.5335309598524522,hill,1,0,0,0.0,0,0.0889180461841271,2040.9925376591466,True,12
0.6915811785006123,0.6915811785006123,0.0,6.740051827349379,0.6061027553325345,0.22491568926408956,hill,0,0,0,0.0,1,0.099222073193369,4567.213842351795,True,12
0.5822384743034684,0.5822384743034684,0.0,6.846425018915968,0.4616254312975557,0.2442548888510807,hill,0,0,0,0.0,1,0.09922207441485578,4816.580180627277,True,12
0.5511523216242357,0.5511523216242357,0.0,17.777055785899968,0.4423884889028528,0.98,hill,0,1,1,0.3333333333333333,2,0.09922207441485578,13057.270805209333,True,12
0.6135798896749939,0.6135798896749939,0.0,8.917257022229792,0.07486993298813213,0.8906821598326374,hill,0,0,0,0.0,1,0.09922207441485578,6486.961293399218,True,12
0.68042414968786,0.68042414968786,0.0,5.056585375168457,0.24998343871583537,0.7415760985982525,hill,1,0,0,0.0,0,0.0889180461841271,3794.3133645573243,True,12
0.6016553495924222,0.6016553495924222,0.0,4.774816023563642,0.08598587137851071,0.26914115150718965,hill,1,0,0,0.0,1,0.08399646380830565,3661.691631342055,True,12
0.3492488569010971,0.3492488569010971,0.0,6.824012841812003,0.7270822289898735,0.2587388634065324,hill,1,0,0,0.0,3,0.08844571331973548,4612.494704102433,True,12
0.30859264789412477,0.30859264789412477,0.0,2.355204088278522,0.334387932234115,0.26850633167877724,hill,1,0,0,0.0,0,0.0889180461841271,1669.9343761307446,True,12
0.6378463915175561,0.6378463915175561,0.0,3.415621372677795,0.5267634461367565,0.3353640657838393,hill,1,0,0,0.0,0,0.0889180461841271,2538.3527607635865,True,12
0.6583541540539056,0.6583541540539056,0.0,4.38774358151925,0.3783347462903278,0.3133358629382611,hill,0,0,0,0.0,0,0.09922207441485578,2927.760493800518,True,12
0.6868307345697814,0.6868307345697814,0.0,3.109032794518472,0.7218559055411461,0.6132022343530388,hill,0,0,0,0.0,0,0.09922207441485578,2242.8266224274785,True,12
0.7069058691849748,0.7069058691849748,0.0,3.460367543847128,0.4244131896681863,0.23001200402508867,hill,1,0,0,0.0,0,0.0889180461841271,2299.9288151835776,True,12
0.36805541047474144,0.36805541047474144,0.0,4.7945725445175205,0.05444050882696702,0.5541657750822453,hill,1,0,0,0.0,0,0.0889180461841271,3652.4439596568286,True,12
0.6999529663280795,0.7459147100780794,0.045961743750000006,6.318392317905895,0.20212974567253159,0.5664636962595637,hill,0,0,0,0.0,0,0.18708318677879315,3528.3990729656434,True,12
0.5953623190707419,0.641324062820742,0.045961743750000006,8.553274314857681,0.3175716712720009,0.19168855880860358,hill,0,0,0,0.0,0,0.18708318677879315,6031.465380773355,True,12
0.4643800928354931,0.510341836585493,0.045961743750000006,7.749422647419688,0.38630519858408385,0.4324862047382103,hill,0,0,0,0.0,0,0.18708318677879315,5679.480233748009,True,12
0.7000880799862177,0.7460498237362176,0.045961743750000006,3.4955956295150474,0.042866719452992225,0.6307104749690274,hill,0,0,0,0.0,0,0.18708318677879315,2018.537680334793,True,12
0.5550199451822961,0.6009816889322961,0.045961743750000006,3.0143694118262467,0.5938767245468201,0.3215775650537737,hill,1,0,0,0.0,0,0.18708318677879315,2125.522116561255,True,12
0.6401013888504641,0.686063132600464,0.045961743750000006,6.178167281715239,0.23228664733639012,0.06728563381595026,hill,0,0,0,0.0,0,0.18708318677879315,4805.033922245636,True,12
0.6520307104210711,0.6979924541710711,0.045961743750000006,5.836105192454506,0.26107323861410237,0.6915124456027566,hill,1,0,0,0.0,0,0.18708318677879315,3488.437634258974,True,12
0.7173448089098847,0.7633065526598848,0.045961743750000006,4.143868459539292,0.21732326123874124,0.22317729270876321,hill,1,0,0,0.0,0,0.18708318677879315,2426.3269026063595,True,12
0.8001289382966991,0.8460906820466991,0.045961743750000006,1.1552225163926002,0.2526597289439103,0.407262614995337,hill,1,0,0,0.0,0,0.18708318677879315,757.6072212946635,True,12
0.3371417357630967,0.3761417357630967,0.039,3.479590354313934,0.3858692038065092,0.6578514101582869,hill,1,0,0,0.0,2,0.18506871427764124,2067.939647868053,True,12
0.388816634240987,0.434778377990987,0.045961743750000006,4.373477986071741,0.24726695209491725,0.3025783256016992,hill,0,0,0,0.0,0,0.18708318677879315,2187.135560835254,True,12
0.3112370804376978,0.3571988241876978,0.045961743750000006,1.968666465705082,0.61113864318902,0.4329237568535776,hill,1,0,0,0.0,0,0.18708318677879315,1393.7923378802702,True,12
0.7446749771562072,0.7836749771562073,0.039,10.190732110604118,0.2180293957744198,0.7377320705860736,hill,1,0,0,0.0,3,0.18436711601595432,6177.747108892809,True,12
0.5091154221632257,0.5550771659132256,0.045961743750000006,2.6071083214236186,0.20370505808592282,0.03227569201301488,hill,0,0,0,0.0,0,0.18708318677879315,1408.3859842216305,True,12
0.6792910855515281,0.7252528293015281,0.045961743750000006,11.788374902516084,0.4746280975506141,0.16368661137974647,hill,0,0,0,0.0,1,0.18708318677879315,7787.885582996105,True,12
0.7955802882720006,0.8415420320220006,0.045961743750000006,4.275408933691848,0.589183922492506,0.7789847523145377,hill,0,0,0,0.0,0,0.18708318677879315,2588.2068012856444,True,12
0.346092849935606,0.392054593685606,0.045961743750000006,9.177817396910463,0.48803446373648535,0.22193017005064117,hill,1,0,0,0.0,0,0.18708318677879315,5344.245302562899,True,12
0.34578992543042614,0.39175166918042614,0.045961743750000006,6.202276059679711,0.598987638880007,0.06867394160451715,hill,0,0,0,0.0,1,0.18635689255473226,4057.8357823157808,True,12
0.48294065966537403,0.528902403415374,0.045961743750000006,7.87554459794261,0.2386516005613423,0.0918722890685055,hill,1,0,0,0.0,0,0.18708318677879315,5271.322217151364,True,12
0.3982044738345262,0.4441662175845262,0.045961743750000006,21.68480642628706,0.7839174732834014,0.08861381788351386,hill,0,1,1,0.24883130812972065,1,0.18706537520314792,16219.869815341171,True,12
0.664309034835653,0.664309034835653,0.0,4.018374234020977,0.5146075927384295,0.21891198707187198,mountain,1,0,0,0.0,0,0.0,3677.5567969788463,True,12
0.39725461860899103,0.39725461860899103,0.0,5.714211615988442,0.43876056627138893,0.0889503010669437,mountain,1,0,0,0.0,0,0.0,5582.5589403715685,True,12
0.5897339878306528,0.5897339878306528,0.0,2.343524909602696,0.8114647127751268,0.10040686801163837,mountain,0,0,0,0.0,0,0.0,1981.7279067769628,True,12
0.479190302296863,0.479190302296863,0.0,6.498272769201816,0.5825545025375374,0.9415344334447588,mountain,0,0,0,0.0,0,0.0,6029.260442509165,True,12
0.5226171432009659,0.5226171432009659,0.0,1.7977404525705862,0.5304861878609437,0.28047894163218196,mountain,0,0,0,0.0,0,0.0,1431.1349792570109,True,12
0.5683039043185255,0.5683039043185255,0.0,3.6999293674339904,0.29587921346722845,0.2979522461934638,mountain,0,0,0,0.0,0,0.0,3382.620092571416,True,12
0.739368468134053,0.739368468134053,0.0,3.282379330368763,0.1602056762320313,0.15313236116299872,mountain,0,0,0,0.0,0,0.0,2552.854065560465,True,12
0.6178071665468206,0.6178071665468206,0.0,2.9695530633935476,0.33154945675831327,0.22074832574286682,mountain,0,0,0,0.0,0,0.0,2670.8736320544986,True,12
0.7109603424797177,0.7109603424797177,0.0,2.525252937694119,0.36035148572292736,0.7155032476475276,mountain,1,0,0,0.0,0,0.0,2135.3776588005635,True,12
0.6913961192018028,0.6913961192018028,0.0,2.251073100362152,0.42170568297675026,0.5087541464090994,mountain,0,0,0,0.0,0,0.0,1639.2223769035722,True,12
0.6687707557603239,0.6687707557603239,0.0,3.165040821438969,0.49379568046677724,0.3112810338764669,mountain,1,0,0,0.0,0,0.0,2778.27883601505,True,12
0.7390050688083798,0.7390050688083798,0.0,3.2464499514236973,0.48676168662658675,0.37296860327879205,mountain,0,0,0,0.0,0,0.0,2769.073711028076,True,12
0.7746710530634631,0.7746710530634631,0.0,14.139759315469771,0.2854326421387661,0.2862524384754036,plain,1,1,1,0.6480589181686164,15,0.08622599141970629,9622.77530369783,True,13
0.41274392337143206,0.41274392337143206,0.0,30.67199216922285,0.5881721301607837,0.15929199719436943,plain,0,1,1,0.18333333333333335,10,0.1085530073415075,23267.15644712016,True,13
0.49213984539900624,0.49213984539900624,0.0,7.831470779491755,0.34198113017359894,0.517648275562376,plain,0,0,0,0.0,11,0.10331925350926092,5017.060706428425,True,13
0.2853622837776646,0.2853622837776646,0.0,29.648642143406732,0.45561142176746267,0.5674996088330041,plain,1,1,0,0.0,7,0.1068378986408955,24090.57624367552,True,13
0.6424386445932857,0.6424386445932857,0.0,22.859254163392713,0.4976088686520414,0.2929055338506131,plain,1,1,1,0.2474716236431577,12,0.09887863846217268,16013.910873935174,True,13
0.6508128161254682,0.6508128161254682,0.0,16.092604436333716,0.2190122478990938,0.3854134175787276,plain,1,0,0,0.0,10,0.10844742023307055,11608.243916547468,True,13
0.3722508781474022,0.3722508781474022,0.0,21.85500366998428,0.5483785017245424,0.8102333499634964,plain,1,0,0,0.0,15,0.09498135853044895,15123.409148269635,True,13
0.2803090645669879,0.2803090645669879,0.0,36.7851187041775,0.19184315899496374,0.741638470364258,plain,1,1,1,0.5447911906562332,17,0.07777570633723511,26374.868479572266,True,13
0.4956351237749328,0.4956351237749328,0.0,50.937497240284216,0.7028082298110004,0.1440765298731282,plain,1,1,1,0.3333333333333333,12,0.10289698315827236,38092.63874582452,True,13
0.7716548685858295,0.7716548685858295,0.0,15.901221728820522,0.34070616905741713,0.3196109809509504,plain,1,0,0,0.0,9,0.10752000882535533,11552.147839682559,True,13
0.5313713510852952,0.5313713510852952,0.0,19.961316117778814,0.23975648976274055,0.32312315289990345,plain,1,0,0,0.0,14,0.09238550006964433,15601.926779301522,True,13
0.5831301902729648,0.5831301902729648,0.0,4.621628054155946,0.10587520435248232,0.5405847598218619,plain,1,0,0,0.0,4,0.10978964674160632,3644.8266800714323,True,13
0.8193193776123182,0.8193193776123182,0.0,39.28887848981866,0.6086246462694386,0.39420717617697126,plain,1,1,1,0.3333333333333333,11,0.09426441063175582,28057.228096222738,True,13
0.5430726112450084,0.5430726112450084,0.0,10.920949509146599,0.41661833629053285,0.21120293334876908,plain,1,1,1,0.3333333333333333,10,0.10901446076789538,7700.452555306096,True,13
0.491920641764963,0.491920641764963,0.0,15.797894765260878,0.43815854762016704,0.6276162864289804,plain,1,1,1,0.3333333333333333,9,0.1017426401411696,11260.359494216851,True,13
0.4138704226768335,0.4138704226768335,0.0,22.121991946846492,0.39976584628861644,0.21468854640998442,plain,0,0,0,0.0,14,0.09458037097978941,14724.428445728869,True,13
0.6612099718983221,0.6612099718983221,0.0,9.346776132623589,0.5754425449582905,0.7562420978187403,plain,1,0,0,0.0,5,0.10796379024140794,5508.710816318455,True,13
0.5274720673125924,0.5274720673125924,0.0,30.754143170648835,0.2122158817453456,0.2739373050279487,plain,0,0,0,0.0,13,0.09814777723578672,22723.758679572937,True,13
0.7789202741769541,0.7789202741769541,0.0,29.84767019440677,0.6744237812341888,0.5778849682581686,plain,1,0,0,0.0,7,0.1069425777102736,22196.45005115576,True,13
0.5584322215652356,0.5584322215652356,0.0,38.419350245349236,0.5548742782444299,0.7124424263985787,plain,1,1,1,0.3333333333333333,16,0.09732672804002614,28356.96576281693,True,13
0.48070932191279436,0.48070932191279436,0.0,15.754820006687433,0.5531342900384632,0.6002931211360838,plain,1,1,1,0.41125379391612177,7,0.10289521850155206,13760.566337003134,True,13
0.5728450533361816,0.5728450533361816,0.0,19.810475423559286,0.15474687583991723,0.31229905258675306,plain,1,1,1,0.6666666666666666,15,0.08728326563216457,15226.620890335433,True,13
0.7658307095114206,0.7658307095114206,0.0,28.648030131470502,0.7724375098969054,0.38679383931718675,plain,1,0,0,0.0,4,0.11016938618805638,22336.23763432917,True,13
0.5875586239844899,0.5875586239844899,0.0,17.721795067212877,0.27353059016072,0.2860252128091662,plain,1,0,0,0.0,1,0.11038182759360796,12057.737484034176,True,13
0.5125377867005567,0.5125377867005567,0.0,47.51015036632978,0.07503257566632657,0.6424297475413898,plain,1,1,0,0.0,8,0.0969520115711697,38375.60037629556,True,13
0.4654516685869282,0.4654516685869282,0.0,30.8831324469902,0.4427347409551001,0.35419315279555885,plain,0,0,0,0.0,9,0.10869209895720085,19685.943388641677,True,13
0.6550849583314449,0.6550849583314449,0.0,33.534926862530256,0.27549347466527035,0.4840515747061314,plain,1,1,1,0.6666666666666666,18,0.07897155506029943,25062.578110713628,True,13
0.4248354274747842,0.4248354274747842,0.0,26.135180369387115,0.44152475509348543,0.18703435728710005,plain,1,1,1,0.18333333333333335,13,0.10312276556907422,16353.620188621184,True,13
0.5861816604501014,0.5861816604501014,0.0,9.730550159585395,0.3993196097879525,0.21991479795926813,plain,1,1,1,0.3333333333333333,14,0.09763793909492328,7284.49190321424,True,13
0.8249337827222549,0.8249337827222549,0.0,16.834303067618876,0.7182914112750486,0.25479170254093214,plain,1,0,0,0.0,14,0.08594902777251467,11384.442096484603,True,13
0.6022880152017581,0.6022880152017581,0.0,25.80719153675,0.27527525392869406,0.8798595789269354,plain,1,1,1,0.3333333333333333,13,0.08690734928636108,19309.43243738352,True,13
0.48671101107274584,0.48671101107274584,0.0,23.819370981118,0.2567103463910404,0.5340348674326023,plain,0,0,0,0.0,9,0.10912308693810116,17242.453822760832,True,13
0.6714609053943544,0.6714609053943544,0.0,37.66987495790596,0.38456086214430407,0.25938517936513733,plain,1,1,1,0.18723647379508745,16,0.08159097764095852,30144.90873402134,True,13
0.6499670132249931,0.6499670132249931,0.0,16.187561281501317,0.5984534899903828,0.6464462249259242,plain,1,1,1,0.3333333333333333,9,0.10401233518076085,10842.0416336093,True,13
0.5241181736209659,0.5241181736209659,0.0,23.66581904734058,0.18564894042507293,0.6474759681801284,plain,1,1,1,0.3333333333333333,5,0.10729821155662393,16149.475902167444,True,13
0.5142744949240897,0.5142744949240897,0.0,18.130441022494875,0.1549400904111532,0.30905904259636746,plain,1,0,0,0.0,11,0.10500856467750089,12496.226964009777,True,13
0.4775920948898351,0.4775920948898351,0.0,36.392119561206925,0.3915132257690586,0.5465078354522023,plain,1,1,1,0.5675667087420625,12,0.08725617334623495,30666.97904585521,True,13
0.36057204772028517,0.36057204772028517,0.0,22.292083902290994,0.4768723283168511,0.23185478670107418,plain,0,0,0,0.0,9,0.10819663324381071,17831.274320206754,True,13
0.6174846629515663,0.6174846629515663,0.0,11.259502673494653,0.6209137212322353,0.7003693951305787,plain,1,0,0,0.0,9,0.10362920033016432,6724.156521322181,True,13
0.6222918279126802,0.6222918279126802,0.0,31.03125008871333,0.346571199460063,0.07574544703228892,plain,1,1,1,0.18333333333333335,9,0.09786932326974201,22994.265872830605,True,13
0.7536695100947571,0.7536695100947571,0.0,35.741392180425706,0.27552244259700304,0.5732416717701176,plain,1,1,1,0.33076294500598974,10,0.10310474342277094,31458.121260883356,True,13
0.5297774085751596,0.5297774085751596,0.0,26.698941788048717,0.4191051971141223,0.6415020188220852,plain,1,1,1,0.3138568832153393,11,0.10396082290444872,16406.816115407222,True,13
0.4683972767866891,0.4683972767866891,0.0,8.9528270406696,0.3638752461339236,0.5467100152179248,plain,1,1,1,0.3333333333333333,11,0.09521976779952585,6583.828210060895,True,13
0.6615421568406588,0.6615421568406588,0.0,9.213167270363607,0.1545507243414091,0.49030514118477525,plain,1,1,1,0.14638950374388915,11,0.09647144089169044,7279.869467164605,True,13
0.5199776381913553,0.5199776381913553,0.0,14.736493041327709,0.18597404033774376,0.39195594947877616,plain,1,1,1,0.3263821243796803,13,0.09140843830608535,10841.480273483394,True,13
0.717033294679288,0.717033294679288,0.0,22.756278184673672,0.41162941999581015,0.4582733419006016,plain,1,1,1,0.4649647919216169,20,0.07693064195100845,17137.153255391004,True,13
0.6244956710185248,0.6244956710185248,0.0,29.31106247570761,0.18290221356222985,0.35109577626194904,plain,0,1,1,0.32878558573136546,13,0.09207258820233488,20106.58205959401,True,13
0.4761065681557458,0.4761065681557458,0.0,13.954654916255194,0.506914868608807,0.4442680130843789,plain,0,0,0,0.0,9,0.11051731527791353,9837.731896779263,True,13
0.5147302784710347,0.5147302784710347,0.0,24.871907861551595,0.27773666610752906,0.2974580815125365,plain,1,0,0,0.0,7,0.10808527233962542,18756.803616541754,True,13
0.3550112268128649,0.3550112268128649,0.0,26.293535995149583,0.5060259817891746,0.47956799930591104,plain,1,1,1,0.3333333333333333,13,0.1053729717609466,16694.682415117855,True,13
0.3018643207699494,0.3018643207699494,0.0,22.56535939846939,0.41387457186696314,0.45484707716001815,plain,1,1,1,0.5040448096605751,15,0.07960381150226255,14468.413407066128,True,13
0.5109961098593279,0.5109961098593279,0.0,7.978431583292126,0.25680540038672467,0.6164339796529734,plain,1,0,0,0.0,3,0.11080117626115135,5880.855091598607,True,13
0.29687433978816147,0.29687433978816147,0.0,9.295444982405165,0.38045464064388396,0.42765091781133086,plain,0,0,0,0.0,3,0.04033419640531884,7563.920807331711,True,13
0.458962745778128,0.458962745778128,0.0,15.173496619290853,0.3143899014824592,0.3259470968709786,plain,0,1,1,0.15294524893973266,12,0.03681997740219205,10874.47235734253,True,13
0.7013006727893265,0.7013006727893265,0.0,5.371082717631142,0.6623043677626628,0.16766897147574483,plain,0,0,0,0.0,0,0.04033419640531884,4138.586319585533,True,13
0.3853405033990007,0.3853405033990007,0.0,15.630510274653872,0.5642552546669883,0.5512803425054942,plain,0,1,1,0.14903284377500392,9,0.039015998220598924,11812.99681097527,True,13
0.5996047023859973,0.5996047023859973,0.0,28.236468452211653,0.10044827039579148,0.7068566839573653,plain,0,1,1,0.2966696747337191,5,0.03738159401952987,22778.764184388765,True,13
0.7660416154960534,0.7660416154960534,0.0,19.659553890153564,0.7981037281502992,0.14961292969971654,plain,1,0,0,0.0,6,0.03821483060517346,15240.16651526887,True,13
0.5428958434818817,0.5428958434818817,0.0,10.088371037338163,0.49779898123549726,0.46623762762849913,plain,1,0,0,0.0,6,0.037688131873466715,8254.936773480063,True,13
0.5674563852039456,0.5674563852039456,0.0,9.867683646736971,0.8266194218901524,0.19773590447395634,plain,1,0,0,0.0,1,0.038594732558333886,9027.794231384592,True,13
0.5857852810471674,0.5857852810471674,0.0,15.837536041570944,0.7069683840253324,0.6802888668297302,plain,0,0,0,0.0,1,0.04033419640531884,13686.681198950526,True,13
0.8331125096637834,0.8331125096637834,0.0,8.9388588818924,0.2910972202236582,0.5875814942921489,plain,1,0,0,0.0,3,0.038594732558333886,7874.155964744781,True,13
0.8313709403318577,0.8313709403318577,0.0,26.440031350759735,0.6714836712129897,0.598705820996721,plain,0,0,0,0.0,5,0.04033419640531884,21978.67378198938,True,13
0.8575191811925533,0.8575191811925533,0.0,15.185681959504699,0.7842214571883699,0.6393011896654923,plain,0,1,1,0.3333333333333333,7,0.038517232261057875,11182.582510138793,True,13
0.7920557234267973,0.7920557234267973,0.0,12.954562496408705,0.4730361817418223,0.22562789234245123,plain,1,0,0,0.0,1,0.038594732558333886,9769.910277968518,True,13
0.7293720309790876,0.7293720309790876,0.0,9.798391094848029,0.5099006132109847,0.7256295779874964,plain,1,0,0,0.0,7,0.03849787612291605,8433.59796758117,True,13
0.6907751753107134,0.6907751753107134,0.0,11.958336923364518,0.4773746222048591,0.5507777854995579,plain,1,0,0,0.0,9,0.03800662471387421,9888.107970916259,True,13
0.7428760500132242,0.7428760500132242,0.0,56.835284140937375,0.8580278406341504,0.3155714047943587,plain,1,0,0,0.0,8,0.03675135984167174,47493.243806768565,True,13
0.5809089064720165,0.5809089064720165,0.0,36.891411704823895,0.2296932102871352,0.6604946310562858,plain,1,1,0,0.0,9,0.03793030880632881,26694.6669885287,True,13
0.8091887513919845,0.8091887513919845,0.0,17.640891261131504,0.5128146757918682,0.9264249423067901,plain,1,1,1,0.3333333333333333,13,0.029050636653317953,14975.747424943087,True,13
0.5810496614394038,0.5810496614394038,0.0,13.212924329938177,0.18921428376829505,0.39589072968514954,plain,1,0,0,0.0,6,0.03802624020835997,11524.27700254829,True,13
0.724726508576956,0.724726508576956,0.0,18.43526309862097,0.3602836458177398,0.6003196799240651,plain,1,1,1,0.1685474700731664,8,0.0363278294995386,15275.074435290051,True,13
0.44384869625766443,0.44384869625766443,0.0,11.25209756778929,0.057096175435442695,0.853434864613861,plain,1,0,0,0.0,3,0.038594732558333886,10639.178692458318,True,13
0.5645455032411522,0.5645455032411522,0.0,4.995284890910662,0.48853732023319635,0.6228999683821503,plain,1,0,0,0.0,5,0.03840151285927947,4361.667192215651,True,13
0.8717395646209225,0.8717395646209225,0.0,27.76866929599788,0.44099520352237703,0.8505977842053409,plain,1,1,1,0.5166666666666667,14,0.031224719286919285,21800.505904679616,True,13
0.6441775802427512,0.6441775802427512,0.0,9.247104407637758,0.23905225573695552,0.7429524402553639,plain,1,0,0,0.0,3,0.037021703728037994,7020.928996068807,True,13
0.7674088827069382,0.7674088827069382,0.0,20.44866602181278,0.5824746135481808,0.5600454778692427,plain,1,1,0,0.0,8,0.03730520660044502,16300.65801802543,True,13
0.6927466548429266,0.6927466548429266,0.0,13.142580323034785,0.39215544353758003,0.4588679943365089,plain,1,1,1,0.5247016902885497,11,0.029521740066308165,10186.23674822255,True,13
0.48963732575273433,0.48963732575273433,0.0,27.846837535619457,0.8104393077212158,0.5218240045515177,plain,0,1,1,0.2799627099549529,4,0.03923305201051922,23729.855788218618,True,13
0.22088583063846262,0.22088583063846262,0.0,28.571087453467165,0.2771032437939543,0.432106254736458,plain,0,1,1,0.3323642699785862,10,0.035807083049701746,25986.104488296038,True,13
0.4235857903421454,0.4235857903421454,0.0,21.480154984603573,0.6136605388285657,0.20120431180737292,plain,1,0,0,0.0,8,0.038506197358942465,16565.921332475624,True,13
0.4802533641410569,0.4802533641410569,0.0,15.835799462674359,0.22033630199210627,0.08423288114741875,plain,1,1,1,0.15397949047522413,4,0.03628013506857515,11703.010756393433,True,13
0.2891429310473134,0.2891429310473134,0.0,17.77821605302336,0.3617341077314747,0.6250560858200183,plain,1,1,1,0.4562267876204216,15,0.031432227935567575,15974.320088495882,True,13
0.5832749005883913,0.5832749005883913,0.0,15.305605206517212,0.3301715337201379,0.5535566150175721,plain,1,0,0,0.0,6,0.038594732558333886,13640.376328066015,True,13
0.5958265536783645,0.5958265536783645,0.0,16.748282759856103,0.3711618396215767,0.5237942630983669,plain,1,1,1,0.29217272318806436,10,0.03585893066393982,12201.913423307878,True,13
0.6440745139558457,0.6440745139558457,0.0,12.554680737106791,0.360976566411849,0.3532004534338427,plain,0,0,0,0.0,3,0.04006194377908767,9941.083922608334,True,13
0.5519137272966844,0.5519137272966844,0.0,20.996488730939586,0.289453616520389,0.33959343231897654,plain,0,0,0,0.0,4,0.04033419640531884,17427.685025480296,True,13
0.5287969121205135,0.5287969121205135,0.0,23.43723681901802,0.18755255345682803,0.5930191082591496,plain,1,0,0,0.0,12,0.034542853899519596,19512.909034621473,True,13
0.5902235690359265,0.5902235690359265,0.0,5.647552788523628,0.14595576358177959,0.39927204423874285,plain,1,0,0,0.0,1,0.03789130504233438,4007.8230984737165,True,13
0.6223841090671149,0.6223841090671149,0.0,11.934489173083485,0.5237856410774872,0.30693563584730793,plain,1,0,0,0.0,11,0.03646008474781415,10685.188220756867,True,13
0.44107956478270427,0.44107956478270427,0.0,9.400543865649434,0.27083103487427895,0.6981098936482988,plain,1,1,1,0.15193540433946598,2,0.03781160844197047,7349.334142749986,True,13
0.6268474464339194,0.6268474464339194,0.0,19.783675225703007,0.1034429269493236,0.22167718483001986,plain,1,0,0,0.0,6,0.0381317669947049,16376.033218689137,True,13
0.5397329762633227,0.5397329762633227,0.0,6.821197744761939,0.4361581260291031,0.34989469633159487,hill,0,0,0,0.0,0,0.024154674997681303,5651.910572792116,True,13
0.6407445388823133,0.6407445388823133,0.0,3.2810143080452776,0.8020634358908921,0.48968731432545676,hill,1,0,0,0.0,0,0.019245514070050006,2552.3007484275677,True,13
0.7141473316086568,0.7141473316086568,0.0,6.110830736534119,0.2792764344636804,0.7172891777057435,hill,0,0,0,0.0,0,0.024154674997681303,4889.393674005155,True,13
0.5194716413630495,0.5194716413630495,0.0,5.8951338919476415,0.5921488970927586,0.46585341973738675,hill,1,0,0,0.0,0,0.019245514070050006,5298.054468749251,True,13
0.47511743486548164,0.47511743486548164,0.0,9.212559155919726,0.02,0.6588915702554203,hill,1,0,0,0.0,2,0.019245514070050006,8198.89714777542,True,13
0.7614879687459829,0.7614879687459829,0.0,4.13355927039896,0.3491000815043408,0.7456225541963379,hill,0,0,0,0.0,0,0.024154674997681303,3654.101437885986,True,13
0.7795044872700188,0.7795044872700188,0.0,13.962349554724037,0.07166279851567907,0.9045161016778185,hill,0,1,1,0.3333333333333333,5,0.024154674997681303,12922.883421132787,True,13
0.601076611088351,0.601076611088351,0.0,6.046968627761564,0.4345631267921675,0.39024717792461777,hill,0,0,0,0.0,0,0.024154674997681303,4837.84836335708,True,13
0.5686460295440726,0.5686460295440726,0.0,6.751651045089456,0.2811435869036885,0.6001345080164939,hill,0,0,0,0.0,0,0.024154674997681303,4813.326225669425,True,13
0.8192517224468701,0.8192517224468701,0.0,13.609476271545981,0.16289345432483535,0.25336384014290747,hill,0,0,0,0.0,3,0.024154674997681303,12410.784494396496,True,13
0.6931918556863552,0.6931918556863552,0.0,6.777993703729433,0.5020213161425546,0.6066124515688078,hill,0,0,0,0.0,0,0.024154674997681303,5170.721542046834,True,13
0.7752810673519785,0.7752810673519785,0.0,5.540347767185724,0.4409089717581871,0.5934771213043273,hill,0,0,0,0.0,0,0.024154674997681303,4641.010002262946,True,13
0.4750219265275385,0.4750219265275385,0.0,8.073230278526315,0.28544129255196765,0.45901143974560715,hill,1,0,0,0.0,5,0.015901383106663856,6916.01461511417,True,13
0.6774308108953767,0.6774308108953767,0.0,8.69119814997864,0.610543304534959,0.2510572112571581,hill,0,0,0,0.0,0,0.024154674997681303,7813.913617347947,True,13
0.4655180161251712,0.4655180161251712,0.0,16.261967877801112,0.6457450346357225,0.7090267153791066,hill,0,0,0,0.0,4,0.024154674997681303,14489.478430710718,True,13
0.6290776779959418,0.6290776779959418,0.0,5.707680339283166,0.6202088355295376,0.3754452498106676,hill,0,0,0,0.0,1,0.023655544943055197,4347.731456315678,True,13
0.6410949545945426,0.6410949545945426,0.0,6.501845567685472,0.3039336390848722,0.37443182483983795,hill,0,0,0,0.0,0,0.024154674997681303,5384.514854464163,True,13
0.7730230106181355,0.7730230106181355,0.0,8.55573469151052,0.39232881523286645,0.15519081409101912,hill,0,0,0,0.0,1,0.024154674997681303,7161.024879737274,True,13
0.4541182796740808,0.4541182796740808,0.0,3.2874155330578056,0.8480683362312348,0.23347852911077321,hill,0,0,0,0.0,0,0.024154674997681303,2650.3213760168464,True,13
0.7775355704594121,0.7775355704594121,0.0,9.165125209714093,0.7049682601577726,0.28146965433065047,hill,0,0,0,0.0,0,0.024154674997681303,8077.01126780334,True,13
0.33730845583822316,0.33730845583822316,0.0,5.451911223172432,0.24018262949588476,0.12584136315850758,hill,0,0,0,0.0,0,0.024154674997681303,4851.859566238687,True,13
0.6394889194596082,0.6394889194596082,0.0,5.492066382666589,0.492951604429328,0.05519901475745283,hill,1,0,0,0.0,0,0.019245514070050006,4343.318228523943,True,13
0.4207355343525816,0.4207355343525816,0.0,3.8883144773997276,0.44640183440084924,0.1694962065147156,hill,1,0,0,0.0,0,0.019245514070050006,2921.357998691632,True,13
0.43357557703630467,0.43357557703630467,0.0,3.5965340093227676,0.28605762646662447,0.409241438078552,hill,0,0,0,0.0,0,0.024154674997681303,2510.8680282527075,True,13
0.4521651604908792,0.4521651604908792,0.0,12.604985318789137,0.5010938047032402,0.25561490857296776,hill,0,0,0,0.0,1,0.024154674997681303,9181.351591295183,True,13
0.416633158167253,0.416633158167253,0.0,6.219863083078991,0.10360522432249113,0.1785850196601462,hill,1,0,0,0.0,0,0.019245514070050006,4882.639309543231,True,13
0.6259771593160495,0.6259771593160495,0.0,4.194987223198342,0.15655439353650707,0.6175225957824981,hill,1,0,0,0.0,0,0.019245514070050006,3868.9844328487816,True,13
0.5545430031475594,0.5545430031475594,0.0,9.973468730583217,0.22471333403278448,0.47320979003314345,hill,0,0,0,0.0,3,0.024154674997681303,8768.119828220264,True,13
0.7182884325446706,0.7182884325446706,0.0,7.543942671944671,0.10725898274299828,0.4276615736897729,hill,1,0,0,0.0,0,0.019245514070050006,6564.243236800398,True,13
0.38778436097511404,0.38778436097511404,0.0,6.865176865970916,0.268821522064514,0.28451785075843816,hill,0,0,0,0.0,1,0.023880153467636944,5540.307782557147,True,13
0.511932575259956,0.511932575259956,0.0,9.22275262443473,0.24632648435829657,0.044620770271061594,hill,0,0,0,0.0,0,0.024154674997681303,8593.603447807576,True,13
0.4047766475763749,0.4047766475763749,0.0,3.6309256701904595,0.17039514219759055,0.9011009730087711,hill,1,0,0,0.0,0,0.019245514070050006,2770.093460613931,True,13
0.21866309126659172,0.21866309126659172,0.0,3.115610911897361,0.4411736051859526,0.3936327234189502,hill,1,0,0,0.0,0,0.019245514070050006,2721.9609952784936,True,13
0.41903709057300886,0.41903709057300886,0.0,9.38751540743281,0.31789778330877394,0.25137705347396616,hill,1,0,0,0.0,1,0.019245514070050006,8026.503897698366,True,13
0.34500191066441277,0.34500191066441277,0.0,3.364913750611651,0.7612613225813711,0.35819366228417704,hill,0,0,0,0.0,0,0.024154674997681303,2651.15885773604,True,13
0.6633725844703059,0.6633725844703059,0.0,4.122497236252416,0.47313086150712547,0.09756123984842968,hill,1,0,0,0.0,0,0.019245514070050006,3352.2594525876493,True,13
0.5359148382979931,0.5359148382979931,0.0,7.423109044928624,0.09665750358981905,0.2689430243170624,hill,1,0,0,0.0,0,0.019245514070050006,6842.310073677972,True,13
0.6893618843276278,0.6893618843276278,0.0,5.309217391640467,0.25849039932840884,0.27612244476106196,hill,0,0,0,0.0,0,0.024154674997681303,4311.572704151068,True,13
0.5948004669482915,0.5948004669482915,0.0,10.760581280694888,0.29817441619661317,0.4702944132476617,hill,0,0,0,0.0,1,0.024154674997681303,8528.94917367936,True,13
0.7231698263211515,0.7231698263211515,0.0,13.208919197638853,0.437675374766155,0.8836723744701351,hill,1,0,0,0.0,5,0.019041344507054657,10128.469650249983,True,13
0.8110945841285088,0.8110945841285088,0.0,3.0890493773737275,0.4000599840862999,0.3693407251082138,hill,0,0,0,0.0,0,0.024154674997681303,2853.7865523315477,True,13
0.5059632136082721,0.5059632136082721,0.0,6.010940385347956,0.11771083116359606,0.33951263888802324,hill,0,0,0,0.0,2,0.023950505434685954,5619.739450219349,True,13
0.2821330913351351,0.2821330913351351,0.0,4.176310793091457,0.4769845018498984,0.3722964495381463,hill,0,0,0,0.0,0,0.024154674997681303,3371.173052259054,True,13
0.8494381999434576,0.8494381999434576,0.0,6.965586677792607,0.5268698434736271,0.503389358186565,hill,0,0,0,0.0,0,0.024154674997681303,6720.538865688602,True,13
0.5090465209520528,0.5090465209520528,0.0,8.794544291984868,0.1601486842578918,0.44047236161373055,hill,0,0,0,0.0,0,0.02920524556822839,6876.398284427974,True,13
0.5307583558303266,0.5307583558303266,0.0,4.400451777108878,0.09136502515043833,0.6264511258506635,hill,0,0,0,0.0,0,0.02920524556822839,3586.3888941524065,True,13
0.5831876409561284,0.5831876409561284,0.0,10.265181707735428,0.18684230430253684,0.489541733440169,hill,0,0,0,0.0,7,0.02886543410285236,8356.610936224193,True,13
0.4159300311249132,0.4159300311249132,0.0,4.364406875811311,0.04080953137693799,0.49949434367253065,hill,0,0,0,0.0,0,0.02920524556822839,3201.02448726908,True,13
0.5857259458462439,0.5857259458462439,0.0,5.523561454247983,0.3859188240612515,0.1509942785438968,hill,0,0,0,0.0,0,0.02920524556822839,4975.102541430655,True,13
0.5825962525876848,0.5825962525876848,0.0,3.82488668389466,0.15418089239572527,0.5722547392135007,hill,0,0,0,0.0,0,0.02920524556822839,2751.7162479018293,True,13
0.5523857320459536,0.5523857320459536,0.0,7.766323587613284,0.6600125708940364,0.31448808212147705,hill,0,0,0,0.0,2,0.02920524556822839,5889.698045614383,True,13
0.42729492190938034,0.42729492190938034,0.0,6.9220140321544,0.95,0.38233300351270305,hill,1,0,0,0.0,1,0.02610233026494817,6196.075145514311,True,13
0.7942954533682369,0.7942954533682369,0.0,4.943726510146201,0.2390160519314858,0.712784161080255,hill,1,0,0,0.0,0,0.026289226570904982,4381.729963437164,True,13
0.5992190237929321,0.5992190237929321,0.0,3.699165977484314,0.4083247764010648,0.4307290297950033,hill,0,0,0,0.0,0,0.02920524556822839,3137.7314398013223,True,13
0.7302425201121912,0.7302425201121912,0.0,3.4640596290069827,0.5049836105345408,0.25146211282829345,hill,1,0,0,0.0,0,0.026289226570904982,2823.997568426835,True,13
0.6220715895765303,0.6220715895765303,0.0,2.419188594438785,0.49526528815914295,0.40492833472048195,hill,0,0,0,0.0,0,0.02920524556822839,2164.688242403964,True,13
0.7640872152461653,0.7640872152461653,0.0,5.42586452120816,0.1411969827201407,0.2938334073074383,hill,0,0,0,0.0,0,0.02920524556822839,4765.624600157928,True,13
0.5711003159445821,0.5711003159445821,0.0,10.368742625733326,0.30535469352340455,0.7811447304491654,hill,0,0,0,0.0,1,0.027051548320667064,8282.389055758518,True,13
0.7824358275292138,0.7824358275292138,0.0,2.8639560582210435,0.5391788566290097,0.6224834060149328,hill,0,0,0,0.0,0,0.02920524556822839,2395.2244507688356,True,13
0.614475361653436,0.614475361653436,0.0,4.440132106716766,0.5330789224604592,0.3159286114471005,hill,0,0,0,0.0,1,0.02920524556822839,3913.0354471558576,True,13
0.7076806169260533,0.7076806169260533,0.0,6.109124534714054,0.3514197125119676,0.2580242835424601,hill,0,0,0,0.0,1,0.02920524556822839,4767.0282482921275,True,13
0.6606090683356723,0.6606090683356723,0.0,10.95845034639877,0.17013737170848542,0.6527884353011062,hill,0,0,0,0.0,3,0.02920524556822839,8960.776839053435,True,13
0.5874912915882753,0.5874912915882753,0.0,10.182883525036164,0.740319128618534,0.5824005375825334,hill,1,1,1,0.3333333333333333,5,0.026289226570904982,7750.266298217952,True,13
0.6409690717145297,0.6409690717145297,0.0,9.97769422708883,0.47607402128272513,0.23345379654119658,hill,1,0,0,0.0,2,0.025949415105528957,8247.666701122143,True,13
0.3778431917115892,0.3778431917115892,0.0,5.4698868983829945,0.156625208922359,0.4257984860736816,hill,1,0,0,0.0,1,0.026289226570904982,5063.34624931367,True,13
0.7060214734936342,0.7060214734936342,0.0,3.3213442341481128,0.3469616546820627,0.98,hill,0,0,0,0.0,0,0.02920524556822839,3012.0279240463433,True,13
0.5811896081821767,0.5811896081821767,0.0,5.736192775114907,0.6523341519574187,0.32107136084375587,hill,0,0,0,0.0,1,0.02920524556822839,4541.710086489368,True,13
0.7325449458157791,0.7325449458157791,0.0,3.9611019016145805,0.1298129161902327,0.21554418855294957,hill,1,0,0,0.0,0,0.026289226570904982,3639.9598941282384,True,13
0.5625671052352796,0.5625671052352796,0.0,9.626503040194153,0.7880011097049109,0.842065186680878,hill,0,0,0,0.0,0,0.02920524556822839,8503.636995341942,True,13
0.8132873907002536,0.8132873907002536,0.0,6.443431563873513,0.02,0.5936848154947973,hill,0,0,0,0.0,0,0.02920524556822839,5415.181312342726,True,13
0.6908467564602653,0.6908467564602653,0.0,5.36201940124846,0.38908435621399845,0.269608422924443,hill,1,0,0,0.0,0,0.026289226570904982,4390.4548776981155,True,13
0.7696392770176207,0.7696392770176207,0.0,12.049104701612167,0.11276941963731402,0.286727612422162,hill,1,0,0,0.0,3,0.026289226570904982,12098.482293141918,True,13
0.6594808184810761,0.6594808184810761,0.0,4.004865963951347,0.2702291928302785,0.6445428530887782,hill,1,0,0,0.0,0,0.026289226570904982,3326.408847175745,True,13
0.6717581374383457,0.6717581374383457,0.0,14.43965573848804,0.45073425233967335,0.27375519621224204,hill,1,0,0,0.0,4,0.026289226570904982,12275.179451423914,True,13
0.629613129055322,0.629613129055322,0.0,10.215646300989377,0.40711029679888083,0.39261627719442105,hill,0,1,1,0.18333333333333335,2,0.02920524556822839,9073.976975073629,True,13
0.49695514428706733,0.49695514428706733,0.0,12.59706783937735,0.633876333151363,0.4265511902999033,hill,0,0,0,0.0,1,0.02920524556822839,11035.28931727952,True,13
0.534958013798834,0.534958013798834,0.0,8.80203074751281,0.37389244906348806,0.7139570952277636,hill,1,0,0,0.0,2,0.04713410318055586,5716.036212912077,True,13
0.661425808948853,0.661425808948853,0.0,3.7756101205578236,0.6699099103312146,0.2122256370986359,hill,0,0,0,0.0,0,0.05125974148732634,3552.7072492258835,True,13
0.6436350059576735,0.6436350059576735,0.0,5.575654325625419,0.2436685495986083,0.39036135654300463,hill,0,0,0,0.0,0,0.05125974148732634,4746.434207202614,True,13
0.300757347112685,0.300757347112685,0.0,17.02358901574497,0.452643747189964,0.28770162101500607,hill,0,0,0,0.0,4,0.04675054262501634,11924.07264976137,True,13
0.538044739965441,0.538044739965441,0.0,7.303957769120885,0.1618617403640618,0.22564693963537996,hill,0,0,0,0.0,1,0.05125974148732634,5222.4328275290445,True,13
0.46775599013872127,0.46775599013872127,0.0,5.613849661779195,0.4774545029744068,0.87207507008601,hill,0,0,0,0.0,0,0.05125974148732634,5025.747022394962,True,13
0.36136924650794666,0.36136924650794666,0.0,3.662700968960635,0.2905882632210819,0.33500849800403354,hill,0,0,0,0.0,0,0.05125974148732634,3205.0599098030457,True,13
0.4884335264676397,0.4884335264676397,0.0,7.389279038709842,0.1781291893665535,0.44298773543181647,hill,0,0,0,0.0,1,0.05125974148732634,5932.252822796358,True,13
0.5439241379603357,0.5439241379603357,0.0,8.218363176790136,0.3944268122176031,0.3362513999111717,hill,1,0,0,0.0,0,0.04713410318055586,6298.316052256615,True,13
0.707463607756727,0.707463607756727,0.0,2.1630563998271852,0.10346782174463312,0.4017202315263609,hill,1,0,0,0.0,0,0.04713410318055586,1772.162107115355,True,13
0.5337853939324037,0.5337853939324037,0.0,3.99098968693088,0.14054147792901883,0.7448630123785549,hill,1,0,0,0.0,0,0.04713410318055586,3196.931183400072,True,13
0.6142386190603095,0.6142386190603095,0.0,5.699011137819914,0.8360718648084242,0.6346100625351003,hill,0,0,0,0.0,0,0.05125974148732634,5398.663573967055,True,13
0.7576523264906946,0.7576523264906946,0.0,5.714192683336567,0.485291957727813,0.33942726037786125,hill,0,0,0,0.0,0,0.05125974148732634,4663.943962479427,True,13
0.6846110773049771,0.6846110773049771,0.0,2.5343076680431964,0.5162379741997067,0.1661488647075694,hill,1,0,0,0.0,0,0.04713410318055586,2029.5592967904263,True,13
0.6202134245948423,0.6202134245948423,0.0,7.417090666495953,0.29000654067010817,0.39179169000005143,hill,1,0,0,0.0,1,0.04713410318055586,5238.443968954494,True,13
0.599652818816394,0.599652818816394,0.0,3.1183458743619306,0.5444817562045621,0.5018781693627559,hill,1,0,0,0.0,0,0.04713410318055586,2323.8333501917214,True,13
0.5333406140829857,0.5333406140829857,0.0,3.8536092243607336,0.18231313500242638,0.5341821295477737,hill,1,0,0,0.0,0,0.04713410318055586,3617.848086182702,True,13
0.763715985797221,0.763715985797221,0.0,4.495909960533673,0.28875974870971954,0.6272316340446464,hill,0,0,0,0.0,0,0.05125974148732634,3627.0160078053814,True,13
0.4641694423588102,0.4641694423588102,0.0,3.863834161707475,0.35687858163257413,0.35206573000202657,hill,0,0,0,0.0,0,0.05125974148732634,3498.099157504371,True,13
0.6841054737467941,0.6841054737467941,0.0,4.434628175167655,0.18622565969084476,0.3722540382034775,hill,1,0,0,0.0,0,0.04713410318055586,3902.6845088884206,True,13
0.5887546942588473,0.5887546942588473,0.0,3.902672434630398,0.6977370505709629,0.5778111470302453,mountain,0,0,0,0.0,0,0.008956695974075769,2888.6817785138005,True,13
0.7454959695244512,0.7454959695244512,0.0,5.106614435664698,0.7087587065128745,0.5464873961165911,mountain,0,0,0,0.0,0,0.008956695974075769,3709.099450556251,True,13
0.6480087264696394,0.6480087264696394,0.0,3.224070894217393,0.5157898191627022,0.22252581329485463,mountain,1,0,0,0.0,0,0.0049261827857416726,2906.259184075184,True,13
0.6236003373067274,0.6236003373067274,0.0,5.385873280774594,0.3886920146530149,0.5099227334221611,mountain,0,0,0,0.0,0,0.008956695974075769,4074.0695398694916,True,13
0.5503976318537255,0.5503976318537255,0.0,1.6839774291843412,0.22427390566814712,0.4358571822814652,mountain,0,0,0,0.0,0,0.008956695974075769,1533.5514768194068,True,13
0.6169262965362657,0.6169262965362657,0.0,3.7272600029589027,0.5721514009095573,0.500433946671925,mountain,0,0,0,0.0,0,0.008956695974075769,2760.015065643738,True,13
0.6601660977817689,0.6601660977817689,0.0,2.9474387185197375,0.747706662765724,0.14874750783387408,mountain,0,0,0,0.0,0,0.008956695974075769,2208.914380661855,True,13
0.7130814246999967,0.7130814246999967,0.0,5.467524486620208,0.577544407988848,0.14845180339396646,mountain,0,0,0,0.0,0,0.008956695974075769,4853.48424075745,True,13
0.5569651632924212,0.5569651632924212,0.0,6.2040668793364,0.2029666257656402,0.8096784582103058,mountain,0,0,0,0.0,0,0.008956695974075769,4780.787850192833,True,13
0.5853577288510341,0.5853577288510341,0.0,4.629314791368876,0.5638052200568303,0.41115349066688206,mountain,0,0,0,0.0,0,0.008956695974075769,4211.350993231454,True,13
0.48387483305738055,0.48387483305738055,0.0,1.841096086626508,0.3467598243997309,0.307234323846688,mountain,0,0,0,0.0,0,0.008956695974075769,1587.225717488154,True,13
0.5904272086188334,0.5904272086188334,0.0,13.061424538325523,0.5517351296163907,0.5097800282784419,mountain,0,0,0,0.0,3,0.008956695974075769,11712.743494426142,True,13
